Operation,File,Configuration,Run,Time
read_pm4py,/home/max/Downloads/Logs/2011/Hospital_log.xes,iterparse,1,15168585008
read_pm4py,/home/max/Downloads/Logs/2011/Hospital_log.xes,iterparse,2,14709726103
read_pm4py,/home/max/Downloads/Logs/2011/Hospital_log.xes,iterparse,3,15277176652
read_pm4py,/home/max/Downloads/Logs/2011/Hospital_log.xes,iterparse,4,15495904198
read_pm4py,/home/max/Downloads/Logs/2011/Hospital_log.xes,iterparse,5,14588717977
read_pm4py,/home/max/Downloads/Logs/2011/Hospital_log.xes,line_by_line,1,2984982585
read_pm4py,/home/max/Downloads/Logs/2011/Hospital_log.xes,line_by_line,2,3018709453
read_pm4py,/home/max/Downloads/Logs/2011/Hospital_log.xes,line_by_line,3,2993824138
read_pm4py,/home/max/Downloads/Logs/2011/Hospital_log.xes,line_by_line,4,2979039020
read_pm4py,/home/max/Downloads/Logs/2011/Hospital_log.xes,line_by_line,5,2968033563
read_pm4py,/home/max/Downloads/Logs/2011/Hospital_log.xes,iterparse_mem_compressed,1,15564984543
read_pm4py,/home/max/Downloads/Logs/2011/Hospital_log.xes,iterparse_mem_compressed,2,16125513078
read_pm4py,/home/max/Downloads/Logs/2011/Hospital_log.xes,iterparse_mem_compressed,3,15469112581
read_pm4py,/home/max/Downloads/Logs/2011/Hospital_log.xes,iterparse_mem_compressed,4,15408393392
read_pm4py,/home/max/Downloads/Logs/2011/Hospital_log.xes,iterparse_mem_compressed,5,15836516742
read_pm4py,/home/max/Downloads/Logs/2011/Hospital_log.xes,iterparse_20,1,15117807413
read_pm4py,/home/max/Downloads/Logs/2011/Hospital_log.xes,iterparse_20,2,14658598234
read_pm4py,/home/max/Downloads/Logs/2011/Hospital_log.xes,iterparse_20,3,14684565826
read_pm4py,/home/max/Downloads/Logs/2011/Hospital_log.xes,iterparse_20,4,15341685682
read_pm4py,/home/max/Downloads/Logs/2011/Hospital_log.xes,iterparse_20,5,15286451173
read_pm4py,/home/max/Downloads/Logs/2011/Hospital_log.xes,chunk_regex,1,
read_pm4py,/home/max/Downloads/Logs/2011/Hospital_log.xes,chunk_regex,2,
read_pm4py,/home/max/Downloads/Logs/2011/Hospital_log.xes,chunk_regex,3,
read_pm4py,/home/max/Downloads/Logs/2011/Hospital_log.xes,chunk_regex,4,
read_pm4py,/home/max/Downloads/Logs/2011/Hospital_log.xes,chunk_regex,5,
write_pm4py,/home/max/Downloads/Logs/2011/Hospital_log.xes,etree_xes_exp,1,6102232409
write_pm4py,/home/max/Downloads/Logs/2011/Hospital_log.xes,etree_xes_exp,2,6109305926
write_pm4py,/home/max/Downloads/Logs/2011/Hospital_log.xes,etree_xes_exp,3,6210094624
write_pm4py,/home/max/Downloads/Logs/2011/Hospital_log.xes,etree_xes_exp,4,6455438590
write_pm4py,/home/max/Downloads/Logs/2011/Hospital_log.xes,etree_xes_exp,5,6620075154
write_pm4py,/home/max/Downloads/Logs/2011/Hospital_log.xes,line_by_line,1,6428269200
write_pm4py,/home/max/Downloads/Logs/2011/Hospital_log.xes,line_by_line,2,6184049196
write_pm4py,/home/max/Downloads/Logs/2011/Hospital_log.xes,line_by_line,3,6152441278
write_pm4py,/home/max/Downloads/Logs/2011/Hospital_log.xes,line_by_line,4,6114840474
write_pm4py,/home/max/Downloads/Logs/2011/Hospital_log.xes,line_by_line,5,6112031245
write_python_jxes,/home/max/Downloads/Logs/2011/Hospital_log.xes,jxes,1,3563358411
write_python_jxes,/home/max/Downloads/Logs/2011/Hospital_log.xes,jxes,2,3565031372
write_python_jxes,/home/max/Downloads/Logs/2011/Hospital_log.xes,jxes,3,3591057693
write_python_jxes,/home/max/Downloads/Logs/2011/Hospital_log.xes,jxes,4,3551111256
write_python_jxes,/home/max/Downloads/Logs/2011/Hospital_log.xes,jxes,5,3733950631
read_python_jxes,/home/max/Downloads/Logs/2011/Hospital_log.xes.jxes.bench,jxes,1,1446757773
read_python_jxes,/home/max/Downloads/Logs/2011/Hospital_log.xes.jxes.bench,jxes,2,1448584443
read_python_jxes,/home/max/Downloads/Logs/2011/Hospital_log.xes.jxes.bench,jxes,3,1473898359
read_python_jxes,/home/max/Downloads/Logs/2011/Hospital_log.xes.jxes.bench,jxes,4,1435151480
read_python_jxes,/home/max/Downloads/Logs/2011/Hospital_log.xes.jxes.bench,jxes,5,1449547296
read_pm4py,/home/max/Downloads/Logs/2012/financial_log.xes,iterparse,1,12747123625
read_pm4py,/home/max/Downloads/Logs/2012/financial_log.xes,iterparse,2,12835684114
read_pm4py,/home/max/Downloads/Logs/2012/financial_log.xes,iterparse,3,12834657668
read_pm4py,/home/max/Downloads/Logs/2012/financial_log.xes,iterparse,4,13481925953
read_pm4py,/home/max/Downloads/Logs/2012/financial_log.xes,iterparse,5,13107561399
read_pm4py,/home/max/Downloads/Logs/2012/financial_log.xes,line_by_line,1,3104556624
read_pm4py,/home/max/Downloads/Logs/2012/financial_log.xes,line_by_line,2,3141053321
read_pm4py,/home/max/Downloads/Logs/2012/financial_log.xes,line_by_line,3,3116707880
read_pm4py,/home/max/Downloads/Logs/2012/financial_log.xes,line_by_line,4,3104269779
read_pm4py,/home/max/Downloads/Logs/2012/financial_log.xes,line_by_line,5,3130939601
read_pm4py,/home/max/Downloads/Logs/2012/financial_log.xes,iterparse_mem_compressed,1,13104844185
read_pm4py,/home/max/Downloads/Logs/2012/financial_log.xes,iterparse_mem_compressed,2,13613666354
read_pm4py,/home/max/Downloads/Logs/2012/financial_log.xes,iterparse_mem_compressed,3,13648352853
read_pm4py,/home/max/Downloads/Logs/2012/financial_log.xes,iterparse_mem_compressed,4,13133136839
read_pm4py,/home/max/Downloads/Logs/2012/financial_log.xes,iterparse_mem_compressed,5,13191953438
read_pm4py,/home/max/Downloads/Logs/2012/financial_log.xes,iterparse_20,1,12843898564
read_pm4py,/home/max/Downloads/Logs/2012/financial_log.xes,iterparse_20,2,13615093084
read_pm4py,/home/max/Downloads/Logs/2012/financial_log.xes,iterparse_20,3,13063119012
read_pm4py,/home/max/Downloads/Logs/2012/financial_log.xes,iterparse_20,4,13066399231
read_pm4py,/home/max/Downloads/Logs/2012/financial_log.xes,iterparse_20,5,12813548032
read_pm4py,/home/max/Downloads/Logs/2012/financial_log.xes,chunk_regex,1,
read_pm4py,/home/max/Downloads/Logs/2012/financial_log.xes,chunk_regex,2,
read_pm4py,/home/max/Downloads/Logs/2012/financial_log.xes,chunk_regex,3,
read_pm4py,/home/max/Downloads/Logs/2012/financial_log.xes,chunk_regex,4,
read_pm4py,/home/max/Downloads/Logs/2012/financial_log.xes,chunk_regex,5,
write_pm4py,/home/max/Downloads/Logs/2012/financial_log.xes,etree_xes_exp,1,6028345141
write_pm4py,/home/max/Downloads/Logs/2012/financial_log.xes,etree_xes_exp,2,5860831351
write_pm4py,/home/max/Downloads/Logs/2012/financial_log.xes,etree_xes_exp,3,5576433558
write_pm4py,/home/max/Downloads/Logs/2012/financial_log.xes,etree_xes_exp,4,5688093194
write_pm4py,/home/max/Downloads/Logs/2012/financial_log.xes,etree_xes_exp,5,5656523809
write_pm4py,/home/max/Downloads/Logs/2012/financial_log.xes,line_by_line,1,5656045501
write_pm4py,/home/max/Downloads/Logs/2012/financial_log.xes,line_by_line,2,5704758731
write_pm4py,/home/max/Downloads/Logs/2012/financial_log.xes,line_by_line,3,5609663242
write_pm4py,/home/max/Downloads/Logs/2012/financial_log.xes,line_by_line,4,5645073610
write_pm4py,/home/max/Downloads/Logs/2012/financial_log.xes,line_by_line,5,5874285385
write_python_jxes,/home/max/Downloads/Logs/2012/financial_log.xes,jxes,1,4049627055
write_python_jxes,/home/max/Downloads/Logs/2012/financial_log.xes,jxes,2,3922168212
write_python_jxes,/home/max/Downloads/Logs/2012/financial_log.xes,jxes,3,3918486116
write_python_jxes,/home/max/Downloads/Logs/2012/financial_log.xes,jxes,4,3736459599
write_python_jxes,/home/max/Downloads/Logs/2012/financial_log.xes,jxes,5,3742370630
read_python_jxes,/home/max/Downloads/Logs/2012/financial_log.xes.jxes.bench,jxes,1,1722230471
read_python_jxes,/home/max/Downloads/Logs/2012/financial_log.xes.jxes.bench,jxes,2,1715007932
read_python_jxes,/home/max/Downloads/Logs/2012/financial_log.xes.jxes.bench,jxes,3,1728095506
read_python_jxes,/home/max/Downloads/Logs/2012/financial_log.xes.jxes.bench,jxes,4,1699918743
read_python_jxes,/home/max/Downloads/Logs/2012/financial_log.xes.jxes.bench,jxes,5,1718483358
read_pm4py,/home/max/Downloads/Logs/2013/bpi_challenge_2013_closed_problems.xes,iterparse,1,743814705
read_pm4py,/home/max/Downloads/Logs/2013/bpi_challenge_2013_closed_problems.xes,iterparse,2,735205498
read_pm4py,/home/max/Downloads/Logs/2013/bpi_challenge_2013_closed_problems.xes,iterparse,3,753671612
read_pm4py,/home/max/Downloads/Logs/2013/bpi_challenge_2013_closed_problems.xes,iterparse,4,750432781
read_pm4py,/home/max/Downloads/Logs/2013/bpi_challenge_2013_closed_problems.xes,iterparse,5,755713832
read_pm4py,/home/max/Downloads/Logs/2013/bpi_challenge_2013_closed_problems.xes,line_by_line,1,130549195
read_pm4py,/home/max/Downloads/Logs/2013/bpi_challenge_2013_closed_problems.xes,line_by_line,2,139420701
read_pm4py,/home/max/Downloads/Logs/2013/bpi_challenge_2013_closed_problems.xes,line_by_line,3,141558430
read_pm4py,/home/max/Downloads/Logs/2013/bpi_challenge_2013_closed_problems.xes,line_by_line,4,135839847
read_pm4py,/home/max/Downloads/Logs/2013/bpi_challenge_2013_closed_problems.xes,line_by_line,5,131885692
read_pm4py,/home/max/Downloads/Logs/2013/bpi_challenge_2013_closed_problems.xes,iterparse_mem_compressed,1,821401351
read_pm4py,/home/max/Downloads/Logs/2013/bpi_challenge_2013_closed_problems.xes,iterparse_mem_compressed,2,765419055
read_pm4py,/home/max/Downloads/Logs/2013/bpi_challenge_2013_closed_problems.xes,iterparse_mem_compressed,3,782394784
read_pm4py,/home/max/Downloads/Logs/2013/bpi_challenge_2013_closed_problems.xes,iterparse_mem_compressed,4,798408850
read_pm4py,/home/max/Downloads/Logs/2013/bpi_challenge_2013_closed_problems.xes,iterparse_mem_compressed,5,778880288
read_pm4py,/home/max/Downloads/Logs/2013/bpi_challenge_2013_closed_problems.xes,iterparse_20,1,764625689
read_pm4py,/home/max/Downloads/Logs/2013/bpi_challenge_2013_closed_problems.xes,iterparse_20,2,742640340
read_pm4py,/home/max/Downloads/Logs/2013/bpi_challenge_2013_closed_problems.xes,iterparse_20,3,751272352
read_pm4py,/home/max/Downloads/Logs/2013/bpi_challenge_2013_closed_problems.xes,iterparse_20,4,799544595
read_pm4py,/home/max/Downloads/Logs/2013/bpi_challenge_2013_closed_problems.xes,iterparse_20,5,776645241
read_pm4py,/home/max/Downloads/Logs/2013/bpi_challenge_2013_closed_problems.xes,chunk_regex,1,244070021
read_pm4py,/home/max/Downloads/Logs/2013/bpi_challenge_2013_closed_problems.xes,chunk_regex,2,244137934
read_pm4py,/home/max/Downloads/Logs/2013/bpi_challenge_2013_closed_problems.xes,chunk_regex,3,243136384
read_pm4py,/home/max/Downloads/Logs/2013/bpi_challenge_2013_closed_problems.xes,chunk_regex,4,249739236
read_pm4py,/home/max/Downloads/Logs/2013/bpi_challenge_2013_closed_problems.xes,chunk_regex,5,248216669
write_pm4py,/home/max/Downloads/Logs/2013/bpi_challenge_2013_closed_problems.xes,etree_xes_exp,1,387090833
write_pm4py,/home/max/Downloads/Logs/2013/bpi_challenge_2013_closed_problems.xes,etree_xes_exp,2,376057599
write_pm4py,/home/max/Downloads/Logs/2013/bpi_challenge_2013_closed_problems.xes,etree_xes_exp,3,357244869
write_pm4py,/home/max/Downloads/Logs/2013/bpi_challenge_2013_closed_problems.xes,etree_xes_exp,4,391817138
write_pm4py,/home/max/Downloads/Logs/2013/bpi_challenge_2013_closed_problems.xes,etree_xes_exp,5,358242684
write_pm4py,/home/max/Downloads/Logs/2013/bpi_challenge_2013_closed_problems.xes,line_by_line,1,367487434
write_pm4py,/home/max/Downloads/Logs/2013/bpi_challenge_2013_closed_problems.xes,line_by_line,2,368845945
write_pm4py,/home/max/Downloads/Logs/2013/bpi_challenge_2013_closed_problems.xes,line_by_line,3,353508667
write_pm4py,/home/max/Downloads/Logs/2013/bpi_challenge_2013_closed_problems.xes,line_by_line,4,376102828
write_pm4py,/home/max/Downloads/Logs/2013/bpi_challenge_2013_closed_problems.xes,line_by_line,5,371584621
write_python_jxes,/home/max/Downloads/Logs/2013/bpi_challenge_2013_closed_problems.xes,jxes,1,225291768
write_python_jxes,/home/max/Downloads/Logs/2013/bpi_challenge_2013_closed_problems.xes,jxes,2,241728907
write_python_jxes,/home/max/Downloads/Logs/2013/bpi_challenge_2013_closed_problems.xes,jxes,3,229707841
write_python_jxes,/home/max/Downloads/Logs/2013/bpi_challenge_2013_closed_problems.xes,jxes,4,218027823
write_python_jxes,/home/max/Downloads/Logs/2013/bpi_challenge_2013_closed_problems.xes,jxes,5,220208532
read_python_jxes,/home/max/Downloads/Logs/2013/bpi_challenge_2013_closed_problems.xes.jxes.bench,jxes,1,75382642
read_python_jxes,/home/max/Downloads/Logs/2013/bpi_challenge_2013_closed_problems.xes.jxes.bench,jxes,2,71058020
read_python_jxes,/home/max/Downloads/Logs/2013/bpi_challenge_2013_closed_problems.xes.jxes.bench,jxes,3,70760219
read_python_jxes,/home/max/Downloads/Logs/2013/bpi_challenge_2013_closed_problems.xes.jxes.bench,jxes,4,68546509
read_python_jxes,/home/max/Downloads/Logs/2013/bpi_challenge_2013_closed_problems.xes.jxes.bench,jxes,5,76137573
read_pm4py,/home/max/Downloads/Logs/2013/bpi_challenge_2013_incidents.xes,iterparse,1,7513580331
read_pm4py,/home/max/Downloads/Logs/2013/bpi_challenge_2013_incidents.xes,iterparse,2,7317476084
read_pm4py,/home/max/Downloads/Logs/2013/bpi_challenge_2013_incidents.xes,iterparse,3,7428979395
read_pm4py,/home/max/Downloads/Logs/2013/bpi_challenge_2013_incidents.xes,iterparse,4,7384894903
read_pm4py,/home/max/Downloads/Logs/2013/bpi_challenge_2013_incidents.xes,iterparse,5,7411393045
read_pm4py,/home/max/Downloads/Logs/2013/bpi_challenge_2013_incidents.xes,line_by_line,1,1411750815
read_pm4py,/home/max/Downloads/Logs/2013/bpi_challenge_2013_incidents.xes,line_by_line,2,1426796502
read_pm4py,/home/max/Downloads/Logs/2013/bpi_challenge_2013_incidents.xes,line_by_line,3,1442167737
read_pm4py,/home/max/Downloads/Logs/2013/bpi_challenge_2013_incidents.xes,line_by_line,4,1430781284
read_pm4py,/home/max/Downloads/Logs/2013/bpi_challenge_2013_incidents.xes,line_by_line,5,1505775733
read_pm4py,/home/max/Downloads/Logs/2013/bpi_challenge_2013_incidents.xes,iterparse_mem_compressed,1,8197303063
read_pm4py,/home/max/Downloads/Logs/2013/bpi_challenge_2013_incidents.xes,iterparse_mem_compressed,2,8038099893
read_pm4py,/home/max/Downloads/Logs/2013/bpi_challenge_2013_incidents.xes,iterparse_mem_compressed,3,7649799745
read_pm4py,/home/max/Downloads/Logs/2013/bpi_challenge_2013_incidents.xes,iterparse_mem_compressed,4,7525165773
read_pm4py,/home/max/Downloads/Logs/2013/bpi_challenge_2013_incidents.xes,iterparse_mem_compressed,5,7614676918
read_pm4py,/home/max/Downloads/Logs/2013/bpi_challenge_2013_incidents.xes,iterparse_20,1,7386502929
read_pm4py,/home/max/Downloads/Logs/2013/bpi_challenge_2013_incidents.xes,iterparse_20,2,7668436958
read_pm4py,/home/max/Downloads/Logs/2013/bpi_challenge_2013_incidents.xes,iterparse_20,3,7508017519
read_pm4py,/home/max/Downloads/Logs/2013/bpi_challenge_2013_incidents.xes,iterparse_20,4,7829380179
read_pm4py,/home/max/Downloads/Logs/2013/bpi_challenge_2013_incidents.xes,iterparse_20,5,7760951349
read_pm4py,/home/max/Downloads/Logs/2013/bpi_challenge_2013_incidents.xes,chunk_regex,1,2217299194
read_pm4py,/home/max/Downloads/Logs/2013/bpi_challenge_2013_incidents.xes,chunk_regex,2,2280449612
read_pm4py,/home/max/Downloads/Logs/2013/bpi_challenge_2013_incidents.xes,chunk_regex,3,2223012396
read_pm4py,/home/max/Downloads/Logs/2013/bpi_challenge_2013_incidents.xes,chunk_regex,4,2271350162
read_pm4py,/home/max/Downloads/Logs/2013/bpi_challenge_2013_incidents.xes,chunk_regex,5,2207296850
write_pm4py,/home/max/Downloads/Logs/2013/bpi_challenge_2013_incidents.xes,etree_xes_exp,1,3231033390
write_pm4py,/home/max/Downloads/Logs/2013/bpi_challenge_2013_incidents.xes,etree_xes_exp,2,3181377471
write_pm4py,/home/max/Downloads/Logs/2013/bpi_challenge_2013_incidents.xes,etree_xes_exp,3,3241961847
write_pm4py,/home/max/Downloads/Logs/2013/bpi_challenge_2013_incidents.xes,etree_xes_exp,4,3325660768
write_pm4py,/home/max/Downloads/Logs/2013/bpi_challenge_2013_incidents.xes,etree_xes_exp,5,3240124514
write_pm4py,/home/max/Downloads/Logs/2013/bpi_challenge_2013_incidents.xes,line_by_line,1,3230241132
write_pm4py,/home/max/Downloads/Logs/2013/bpi_challenge_2013_incidents.xes,line_by_line,2,3401149639
write_pm4py,/home/max/Downloads/Logs/2013/bpi_challenge_2013_incidents.xes,line_by_line,3,3396651156
write_pm4py,/home/max/Downloads/Logs/2013/bpi_challenge_2013_incidents.xes,line_by_line,4,3385327739
write_pm4py,/home/max/Downloads/Logs/2013/bpi_challenge_2013_incidents.xes,line_by_line,5,3386059779
write_python_jxes,/home/max/Downloads/Logs/2013/bpi_challenge_2013_incidents.xes,jxes,1,1942160577
write_python_jxes,/home/max/Downloads/Logs/2013/bpi_challenge_2013_incidents.xes,jxes,2,1960534742
write_python_jxes,/home/max/Downloads/Logs/2013/bpi_challenge_2013_incidents.xes,jxes,3,1884560129
write_python_jxes,/home/max/Downloads/Logs/2013/bpi_challenge_2013_incidents.xes,jxes,4,1876658234
write_python_jxes,/home/max/Downloads/Logs/2013/bpi_challenge_2013_incidents.xes,jxes,5,1870252000
read_python_jxes,/home/max/Downloads/Logs/2013/bpi_challenge_2013_incidents.xes.jxes.bench,jxes,1,751333827
read_python_jxes,/home/max/Downloads/Logs/2013/bpi_challenge_2013_incidents.xes.jxes.bench,jxes,2,785353232
read_python_jxes,/home/max/Downloads/Logs/2013/bpi_challenge_2013_incidents.xes.jxes.bench,jxes,3,769200645
read_python_jxes,/home/max/Downloads/Logs/2013/bpi_challenge_2013_incidents.xes.jxes.bench,jxes,4,785958581
read_python_jxes,/home/max/Downloads/Logs/2013/bpi_challenge_2013_incidents.xes.jxes.bench,jxes,5,798837118
read_pm4py,/home/max/Downloads/Logs/2013/bpi_challenge_2013_open_problems.xes,iterparse,1,282494322
read_pm4py,/home/max/Downloads/Logs/2013/bpi_challenge_2013_open_problems.xes,iterparse,2,257861272
read_pm4py,/home/max/Downloads/Logs/2013/bpi_challenge_2013_open_problems.xes,iterparse,3,254640809
read_pm4py,/home/max/Downloads/Logs/2013/bpi_challenge_2013_open_problems.xes,iterparse,4,264661506
read_pm4py,/home/max/Downloads/Logs/2013/bpi_challenge_2013_open_problems.xes,iterparse,5,269754018
read_pm4py,/home/max/Downloads/Logs/2013/bpi_challenge_2013_open_problems.xes,line_by_line,1,47946887
read_pm4py,/home/max/Downloads/Logs/2013/bpi_challenge_2013_open_problems.xes,line_by_line,2,49248327
read_pm4py,/home/max/Downloads/Logs/2013/bpi_challenge_2013_open_problems.xes,line_by_line,3,50605058
read_pm4py,/home/max/Downloads/Logs/2013/bpi_challenge_2013_open_problems.xes,line_by_line,4,48294882
read_pm4py,/home/max/Downloads/Logs/2013/bpi_challenge_2013_open_problems.xes,line_by_line,5,48447353
read_pm4py,/home/max/Downloads/Logs/2013/bpi_challenge_2013_open_problems.xes,iterparse_mem_compressed,1,278530505
read_pm4py,/home/max/Downloads/Logs/2013/bpi_challenge_2013_open_problems.xes,iterparse_mem_compressed,2,263008556
read_pm4py,/home/max/Downloads/Logs/2013/bpi_challenge_2013_open_problems.xes,iterparse_mem_compressed,3,276616752
read_pm4py,/home/max/Downloads/Logs/2013/bpi_challenge_2013_open_problems.xes,iterparse_mem_compressed,4,263352202
read_pm4py,/home/max/Downloads/Logs/2013/bpi_challenge_2013_open_problems.xes,iterparse_mem_compressed,5,269290204
read_pm4py,/home/max/Downloads/Logs/2013/bpi_challenge_2013_open_problems.xes,iterparse_20,1,266186236
read_pm4py,/home/max/Downloads/Logs/2013/bpi_challenge_2013_open_problems.xes,iterparse_20,2,274410953
read_pm4py,/home/max/Downloads/Logs/2013/bpi_challenge_2013_open_problems.xes,iterparse_20,3,255758200
read_pm4py,/home/max/Downloads/Logs/2013/bpi_challenge_2013_open_problems.xes,iterparse_20,4,255307983
read_pm4py,/home/max/Downloads/Logs/2013/bpi_challenge_2013_open_problems.xes,iterparse_20,5,264611785
read_pm4py,/home/max/Downloads/Logs/2013/bpi_challenge_2013_open_problems.xes,chunk_regex,1,74696967
read_pm4py,/home/max/Downloads/Logs/2013/bpi_challenge_2013_open_problems.xes,chunk_regex,2,75708372
read_pm4py,/home/max/Downloads/Logs/2013/bpi_challenge_2013_open_problems.xes,chunk_regex,3,79251045
read_pm4py,/home/max/Downloads/Logs/2013/bpi_challenge_2013_open_problems.xes,chunk_regex,4,82907018
read_pm4py,/home/max/Downloads/Logs/2013/bpi_challenge_2013_open_problems.xes,chunk_regex,5,83431749
write_pm4py,/home/max/Downloads/Logs/2013/bpi_challenge_2013_open_problems.xes,etree_xes_exp,1,121858770
write_pm4py,/home/max/Downloads/Logs/2013/bpi_challenge_2013_open_problems.xes,etree_xes_exp,2,116244302
write_pm4py,/home/max/Downloads/Logs/2013/bpi_challenge_2013_open_problems.xes,etree_xes_exp,3,119994587
write_pm4py,/home/max/Downloads/Logs/2013/bpi_challenge_2013_open_problems.xes,etree_xes_exp,4,126193595
write_pm4py,/home/max/Downloads/Logs/2013/bpi_challenge_2013_open_problems.xes,etree_xes_exp,5,115610022
write_pm4py,/home/max/Downloads/Logs/2013/bpi_challenge_2013_open_problems.xes,line_by_line,1,118505451
write_pm4py,/home/max/Downloads/Logs/2013/bpi_challenge_2013_open_problems.xes,line_by_line,2,115666604
write_pm4py,/home/max/Downloads/Logs/2013/bpi_challenge_2013_open_problems.xes,line_by_line,3,125225852
write_pm4py,/home/max/Downloads/Logs/2013/bpi_challenge_2013_open_problems.xes,line_by_line,4,121312258
write_pm4py,/home/max/Downloads/Logs/2013/bpi_challenge_2013_open_problems.xes,line_by_line,5,114876709
write_python_jxes,/home/max/Downloads/Logs/2013/bpi_challenge_2013_open_problems.xes,jxes,1,74804826
write_python_jxes,/home/max/Downloads/Logs/2013/bpi_challenge_2013_open_problems.xes,jxes,2,76053455
write_python_jxes,/home/max/Downloads/Logs/2013/bpi_challenge_2013_open_problems.xes,jxes,3,78567561
write_python_jxes,/home/max/Downloads/Logs/2013/bpi_challenge_2013_open_problems.xes,jxes,4,83969221
write_python_jxes,/home/max/Downloads/Logs/2013/bpi_challenge_2013_open_problems.xes,jxes,5,80709307
read_python_jxes,/home/max/Downloads/Logs/2013/bpi_challenge_2013_open_problems.xes.jxes.bench,jxes,1,31957782
read_python_jxes,/home/max/Downloads/Logs/2013/bpi_challenge_2013_open_problems.xes.jxes.bench,jxes,2,31450379
read_python_jxes,/home/max/Downloads/Logs/2013/bpi_challenge_2013_open_problems.xes.jxes.bench,jxes,3,24294747
read_python_jxes,/home/max/Downloads/Logs/2013/bpi_challenge_2013_open_problems.xes.jxes.bench,jxes,4,25918284
read_python_jxes,/home/max/Downloads/Logs/2013/bpi_challenge_2013_open_problems.xes.jxes.bench,jxes,5,29928796
read_pm4py,/home/max/Downloads/Logs/2015/BPIC15_1.xes,iterparse,1,5963280937
read_pm4py,/home/max/Downloads/Logs/2015/BPIC15_1.xes,iterparse,2,6051582312
read_pm4py,/home/max/Downloads/Logs/2015/BPIC15_1.xes,iterparse,3,6299639291
read_pm4py,/home/max/Downloads/Logs/2015/BPIC15_1.xes,iterparse,4,6280945614
read_pm4py,/home/max/Downloads/Logs/2015/BPIC15_1.xes,iterparse,5,6229290472
read_pm4py,/home/max/Downloads/Logs/2015/BPIC15_1.xes,line_by_line,1,1312118472
read_pm4py,/home/max/Downloads/Logs/2015/BPIC15_1.xes,line_by_line,2,1323821795
read_pm4py,/home/max/Downloads/Logs/2015/BPIC15_1.xes,line_by_line,3,1335660907
read_pm4py,/home/max/Downloads/Logs/2015/BPIC15_1.xes,line_by_line,4,1340669368
read_pm4py,/home/max/Downloads/Logs/2015/BPIC15_1.xes,line_by_line,5,1324518014
read_pm4py,/home/max/Downloads/Logs/2015/BPIC15_1.xes,iterparse_mem_compressed,1,6285572251
read_pm4py,/home/max/Downloads/Logs/2015/BPIC15_1.xes,iterparse_mem_compressed,2,6185692977
read_pm4py,/home/max/Downloads/Logs/2015/BPIC15_1.xes,iterparse_mem_compressed,3,6310984260
read_pm4py,/home/max/Downloads/Logs/2015/BPIC15_1.xes,iterparse_mem_compressed,4,7362101249
read_pm4py,/home/max/Downloads/Logs/2015/BPIC15_1.xes,iterparse_mem_compressed,5,7674148360
read_pm4py,/home/max/Downloads/Logs/2015/BPIC15_1.xes,iterparse_20,1,7938698929
read_pm4py,/home/max/Downloads/Logs/2015/BPIC15_1.xes,iterparse_20,2,6468841272
read_pm4py,/home/max/Downloads/Logs/2015/BPIC15_1.xes,iterparse_20,3,6005622548
read_pm4py,/home/max/Downloads/Logs/2015/BPIC15_1.xes,iterparse_20,4,6207863586
read_pm4py,/home/max/Downloads/Logs/2015/BPIC15_1.xes,iterparse_20,5,7068825100
read_pm4py,/home/max/Downloads/Logs/2015/BPIC15_1.xes,chunk_regex,1,1970589734
read_pm4py,/home/max/Downloads/Logs/2015/BPIC15_1.xes,chunk_regex,2,2013330557
read_pm4py,/home/max/Downloads/Logs/2015/BPIC15_1.xes,chunk_regex,3,2013615126
read_pm4py,/home/max/Downloads/Logs/2015/BPIC15_1.xes,chunk_regex,4,2010918788
read_pm4py,/home/max/Downloads/Logs/2015/BPIC15_1.xes,chunk_regex,5,2029845888
write_pm4py,/home/max/Downloads/Logs/2015/BPIC15_1.xes,etree_xes_exp,1,2801834936
write_pm4py,/home/max/Downloads/Logs/2015/BPIC15_1.xes,etree_xes_exp,2,2801804481
write_pm4py,/home/max/Downloads/Logs/2015/BPIC15_1.xes,etree_xes_exp,3,2943076352
write_pm4py,/home/max/Downloads/Logs/2015/BPIC15_1.xes,etree_xes_exp,4,2896868475
write_pm4py,/home/max/Downloads/Logs/2015/BPIC15_1.xes,etree_xes_exp,5,2901067872
write_pm4py,/home/max/Downloads/Logs/2015/BPIC15_1.xes,line_by_line,1,2880600553
write_pm4py,/home/max/Downloads/Logs/2015/BPIC15_1.xes,line_by_line,2,2930392668
write_pm4py,/home/max/Downloads/Logs/2015/BPIC15_1.xes,line_by_line,3,2912950903
write_pm4py,/home/max/Downloads/Logs/2015/BPIC15_1.xes,line_by_line,4,2749678344
write_pm4py,/home/max/Downloads/Logs/2015/BPIC15_1.xes,line_by_line,5,2784222078
write_python_jxes,/home/max/Downloads/Logs/2015/BPIC15_1.xes,jxes,1,1614535164
write_python_jxes,/home/max/Downloads/Logs/2015/BPIC15_1.xes,jxes,2,1613719501
write_python_jxes,/home/max/Downloads/Logs/2015/BPIC15_1.xes,jxes,3,1631880313
write_python_jxes,/home/max/Downloads/Logs/2015/BPIC15_1.xes,jxes,4,1626189835
write_python_jxes,/home/max/Downloads/Logs/2015/BPIC15_1.xes,jxes,5,1619511262
read_python_jxes,/home/max/Downloads/Logs/2015/BPIC15_1.xes.jxes.bench,jxes,1,632106874
read_python_jxes,/home/max/Downloads/Logs/2015/BPIC15_1.xes.jxes.bench,jxes,2,641323106
read_python_jxes,/home/max/Downloads/Logs/2015/BPIC15_1.xes.jxes.bench,jxes,3,632008691
read_python_jxes,/home/max/Downloads/Logs/2015/BPIC15_1.xes.jxes.bench,jxes,4,651695201
read_python_jxes,/home/max/Downloads/Logs/2015/BPIC15_1.xes.jxes.bench,jxes,5,630249478
read_pm4py,/home/max/Downloads/Logs/2015/BPIC15_2.xes,iterparse,1,5049683734
read_pm4py,/home/max/Downloads/Logs/2015/BPIC15_2.xes,iterparse,2,4968846506
read_pm4py,/home/max/Downloads/Logs/2015/BPIC15_2.xes,iterparse,3,4939675624
read_pm4py,/home/max/Downloads/Logs/2015/BPIC15_2.xes,iterparse,4,5260739231
read_pm4py,/home/max/Downloads/Logs/2015/BPIC15_2.xes,iterparse,5,5284236492
read_pm4py,/home/max/Downloads/Logs/2015/BPIC15_2.xes,line_by_line,1,1079415864
read_pm4py,/home/max/Downloads/Logs/2015/BPIC15_2.xes,line_by_line,2,1070947992
read_pm4py,/home/max/Downloads/Logs/2015/BPIC15_2.xes,line_by_line,3,1098918871
read_pm4py,/home/max/Downloads/Logs/2015/BPIC15_2.xes,line_by_line,4,1108221599
read_pm4py,/home/max/Downloads/Logs/2015/BPIC15_2.xes,line_by_line,5,1101996474
read_pm4py,/home/max/Downloads/Logs/2015/BPIC15_2.xes,iterparse_mem_compressed,1,5436744263
read_pm4py,/home/max/Downloads/Logs/2015/BPIC15_2.xes,iterparse_mem_compressed,2,5198530598
read_pm4py,/home/max/Downloads/Logs/2015/BPIC15_2.xes,iterparse_mem_compressed,3,5268803581
read_pm4py,/home/max/Downloads/Logs/2015/BPIC15_2.xes,iterparse_mem_compressed,4,5189406818
read_pm4py,/home/max/Downloads/Logs/2015/BPIC15_2.xes,iterparse_mem_compressed,5,5424042106
read_pm4py,/home/max/Downloads/Logs/2015/BPIC15_2.xes,iterparse_20,1,5100426226
read_pm4py,/home/max/Downloads/Logs/2015/BPIC15_2.xes,iterparse_20,2,5003945325
read_pm4py,/home/max/Downloads/Logs/2015/BPIC15_2.xes,iterparse_20,3,5229456947
read_pm4py,/home/max/Downloads/Logs/2015/BPIC15_2.xes,iterparse_20,4,5165538396
read_pm4py,/home/max/Downloads/Logs/2015/BPIC15_2.xes,iterparse_20,5,5262773592
read_pm4py,/home/max/Downloads/Logs/2015/BPIC15_2.xes,chunk_regex,1,1675831904
read_pm4py,/home/max/Downloads/Logs/2015/BPIC15_2.xes,chunk_regex,2,1712735847
read_pm4py,/home/max/Downloads/Logs/2015/BPIC15_2.xes,chunk_regex,3,1719476448
read_pm4py,/home/max/Downloads/Logs/2015/BPIC15_2.xes,chunk_regex,4,1702081090
read_pm4py,/home/max/Downloads/Logs/2015/BPIC15_2.xes,chunk_regex,5,1695007622
write_pm4py,/home/max/Downloads/Logs/2015/BPIC15_2.xes,etree_xes_exp,1,2301367938
write_pm4py,/home/max/Downloads/Logs/2015/BPIC15_2.xes,etree_xes_exp,2,2300647437
write_pm4py,/home/max/Downloads/Logs/2015/BPIC15_2.xes,etree_xes_exp,3,2294322387
write_pm4py,/home/max/Downloads/Logs/2015/BPIC15_2.xes,etree_xes_exp,4,2281712962
write_pm4py,/home/max/Downloads/Logs/2015/BPIC15_2.xes,etree_xes_exp,5,2301102107
write_pm4py,/home/max/Downloads/Logs/2015/BPIC15_2.xes,line_by_line,1,2291452889
write_pm4py,/home/max/Downloads/Logs/2015/BPIC15_2.xes,line_by_line,2,2323662449
write_pm4py,/home/max/Downloads/Logs/2015/BPIC15_2.xes,line_by_line,3,2271350253
write_pm4py,/home/max/Downloads/Logs/2015/BPIC15_2.xes,line_by_line,4,2307963018
write_pm4py,/home/max/Downloads/Logs/2015/BPIC15_2.xes,line_by_line,5,2285664702
write_python_jxes,/home/max/Downloads/Logs/2015/BPIC15_2.xes,jxes,1,1339081526
write_python_jxes,/home/max/Downloads/Logs/2015/BPIC15_2.xes,jxes,2,1332122827
write_python_jxes,/home/max/Downloads/Logs/2015/BPIC15_2.xes,jxes,3,1330460544
write_python_jxes,/home/max/Downloads/Logs/2015/BPIC15_2.xes,jxes,4,1324773624
write_python_jxes,/home/max/Downloads/Logs/2015/BPIC15_2.xes,jxes,5,1347866649
read_python_jxes,/home/max/Downloads/Logs/2015/BPIC15_2.xes.jxes.bench,jxes,1,526283508
read_python_jxes,/home/max/Downloads/Logs/2015/BPIC15_2.xes.jxes.bench,jxes,2,514454952
read_python_jxes,/home/max/Downloads/Logs/2015/BPIC15_2.xes.jxes.bench,jxes,3,548861024
read_python_jxes,/home/max/Downloads/Logs/2015/BPIC15_2.xes.jxes.bench,jxes,4,514363651
read_python_jxes,/home/max/Downloads/Logs/2015/BPIC15_2.xes.jxes.bench,jxes,5,531947742
read_pm4py,/home/max/Downloads/Logs/2015/BPIC15_3.xes,iterparse,1,7233754782
read_pm4py,/home/max/Downloads/Logs/2015/BPIC15_3.xes,iterparse,2,7040728656
read_pm4py,/home/max/Downloads/Logs/2015/BPIC15_3.xes,iterparse,3,6862572067
read_pm4py,/home/max/Downloads/Logs/2015/BPIC15_3.xes,iterparse,4,6763860113
read_pm4py,/home/max/Downloads/Logs/2015/BPIC15_3.xes,iterparse,5,6709928089
read_pm4py,/home/max/Downloads/Logs/2015/BPIC15_3.xes,line_by_line,1,1499517330
read_pm4py,/home/max/Downloads/Logs/2015/BPIC15_3.xes,line_by_line,2,1507445141
read_pm4py,/home/max/Downloads/Logs/2015/BPIC15_3.xes,line_by_line,3,1506673896
read_pm4py,/home/max/Downloads/Logs/2015/BPIC15_3.xes,line_by_line,4,1501384723
read_pm4py,/home/max/Downloads/Logs/2015/BPIC15_3.xes,line_by_line,5,1477701537
read_pm4py,/home/max/Downloads/Logs/2015/BPIC15_3.xes,iterparse_mem_compressed,1,7109392643
read_pm4py,/home/max/Downloads/Logs/2015/BPIC15_3.xes,iterparse_mem_compressed,2,7161934788
read_pm4py,/home/max/Downloads/Logs/2015/BPIC15_3.xes,iterparse_mem_compressed,3,7480497220
read_pm4py,/home/max/Downloads/Logs/2015/BPIC15_3.xes,iterparse_mem_compressed,4,7417536601
read_pm4py,/home/max/Downloads/Logs/2015/BPIC15_3.xes,iterparse_mem_compressed,5,7296915574
read_pm4py,/home/max/Downloads/Logs/2015/BPIC15_3.xes,iterparse_20,1,6760512403
read_pm4py,/home/max/Downloads/Logs/2015/BPIC15_3.xes,iterparse_20,2,6790397321
read_pm4py,/home/max/Downloads/Logs/2015/BPIC15_3.xes,iterparse_20,3,6742515673
read_pm4py,/home/max/Downloads/Logs/2015/BPIC15_3.xes,iterparse_20,4,6741593675
read_pm4py,/home/max/Downloads/Logs/2015/BPIC15_3.xes,iterparse_20,5,6821568106
read_pm4py,/home/max/Downloads/Logs/2015/BPIC15_3.xes,chunk_regex,1,2299138089
read_pm4py,/home/max/Downloads/Logs/2015/BPIC15_3.xes,chunk_regex,2,2346024322
read_pm4py,/home/max/Downloads/Logs/2015/BPIC15_3.xes,chunk_regex,3,2441430588
read_pm4py,/home/max/Downloads/Logs/2015/BPIC15_3.xes,chunk_regex,4,2404476123
read_pm4py,/home/max/Downloads/Logs/2015/BPIC15_3.xes,chunk_regex,5,2400773443
write_pm4py,/home/max/Downloads/Logs/2015/BPIC15_3.xes,etree_xes_exp,1,3291860934
write_pm4py,/home/max/Downloads/Logs/2015/BPIC15_3.xes,etree_xes_exp,2,3142849172
write_pm4py,/home/max/Downloads/Logs/2015/BPIC15_3.xes,etree_xes_exp,3,3190653793
write_pm4py,/home/max/Downloads/Logs/2015/BPIC15_3.xes,etree_xes_exp,4,3168138650
write_pm4py,/home/max/Downloads/Logs/2015/BPIC15_3.xes,etree_xes_exp,5,3153695400
write_pm4py,/home/max/Downloads/Logs/2015/BPIC15_3.xes,line_by_line,1,3150920565
write_pm4py,/home/max/Downloads/Logs/2015/BPIC15_3.xes,line_by_line,2,3120597933
write_pm4py,/home/max/Downloads/Logs/2015/BPIC15_3.xes,line_by_line,3,3159294138
write_pm4py,/home/max/Downloads/Logs/2015/BPIC15_3.xes,line_by_line,4,3170246868
write_pm4py,/home/max/Downloads/Logs/2015/BPIC15_3.xes,line_by_line,5,3130501149
write_python_jxes,/home/max/Downloads/Logs/2015/BPIC15_3.xes,jxes,1,1855732273
write_python_jxes,/home/max/Downloads/Logs/2015/BPIC15_3.xes,jxes,2,1804901402
write_python_jxes,/home/max/Downloads/Logs/2015/BPIC15_3.xes,jxes,3,1841567962
write_python_jxes,/home/max/Downloads/Logs/2015/BPIC15_3.xes,jxes,4,2043936897
write_python_jxes,/home/max/Downloads/Logs/2015/BPIC15_3.xes,jxes,5,1842754881
read_python_jxes,/home/max/Downloads/Logs/2015/BPIC15_3.xes.jxes.bench,jxes,1,776011777
read_python_jxes,/home/max/Downloads/Logs/2015/BPIC15_3.xes.jxes.bench,jxes,2,748500839
read_python_jxes,/home/max/Downloads/Logs/2015/BPIC15_3.xes.jxes.bench,jxes,3,732829808
read_python_jxes,/home/max/Downloads/Logs/2015/BPIC15_3.xes.jxes.bench,jxes,4,756596683
read_python_jxes,/home/max/Downloads/Logs/2015/BPIC15_3.xes.jxes.bench,jxes,5,739592204
read_pm4py,/home/max/Downloads/Logs/2015/BPIC15_4.xes,iterparse,1,5675068457
read_pm4py,/home/max/Downloads/Logs/2015/BPIC15_4.xes,iterparse,2,5524632539
read_pm4py,/home/max/Downloads/Logs/2015/BPIC15_4.xes,iterparse,3,5335794129
read_pm4py,/home/max/Downloads/Logs/2015/BPIC15_4.xes,iterparse,4,5389767035
read_pm4py,/home/max/Downloads/Logs/2015/BPIC15_4.xes,iterparse,5,5381965293
read_pm4py,/home/max/Downloads/Logs/2015/BPIC15_4.xes,line_by_line,1,1193307427
read_pm4py,/home/max/Downloads/Logs/2015/BPIC15_4.xes,line_by_line,2,1226305065
read_pm4py,/home/max/Downloads/Logs/2015/BPIC15_4.xes,line_by_line,3,1184840430
read_pm4py,/home/max/Downloads/Logs/2015/BPIC15_4.xes,line_by_line,4,1199776246
read_pm4py,/home/max/Downloads/Logs/2015/BPIC15_4.xes,line_by_line,5,1161756394
read_pm4py,/home/max/Downloads/Logs/2015/BPIC15_4.xes,iterparse_mem_compressed,1,5646580715
read_pm4py,/home/max/Downloads/Logs/2015/BPIC15_4.xes,iterparse_mem_compressed,2,5611480105
read_pm4py,/home/max/Downloads/Logs/2015/BPIC15_4.xes,iterparse_mem_compressed,3,5713876705
read_pm4py,/home/max/Downloads/Logs/2015/BPIC15_4.xes,iterparse_mem_compressed,4,5888924905
read_pm4py,/home/max/Downloads/Logs/2015/BPIC15_4.xes,iterparse_mem_compressed,5,5936972961
read_pm4py,/home/max/Downloads/Logs/2015/BPIC15_4.xes,iterparse_20,1,5652109596
read_pm4py,/home/max/Downloads/Logs/2015/BPIC15_4.xes,iterparse_20,2,5378776128
read_pm4py,/home/max/Downloads/Logs/2015/BPIC15_4.xes,iterparse_20,3,5420241638
read_pm4py,/home/max/Downloads/Logs/2015/BPIC15_4.xes,iterparse_20,4,5347516366
read_pm4py,/home/max/Downloads/Logs/2015/BPIC15_4.xes,iterparse_20,5,5359080057
read_pm4py,/home/max/Downloads/Logs/2015/BPIC15_4.xes,chunk_regex,1,1798599204
read_pm4py,/home/max/Downloads/Logs/2015/BPIC15_4.xes,chunk_regex,2,1812336635
read_pm4py,/home/max/Downloads/Logs/2015/BPIC15_4.xes,chunk_regex,3,1807820222
read_pm4py,/home/max/Downloads/Logs/2015/BPIC15_4.xes,chunk_regex,4,1815036957
read_pm4py,/home/max/Downloads/Logs/2015/BPIC15_4.xes,chunk_regex,5,1820018954
write_pm4py,/home/max/Downloads/Logs/2015/BPIC15_4.xes,etree_xes_exp,1,2483739561
write_pm4py,/home/max/Downloads/Logs/2015/BPIC15_4.xes,etree_xes_exp,2,2630064475
write_pm4py,/home/max/Downloads/Logs/2015/BPIC15_4.xes,etree_xes_exp,3,2618766255
write_pm4py,/home/max/Downloads/Logs/2015/BPIC15_4.xes,etree_xes_exp,4,2578821615
write_pm4py,/home/max/Downloads/Logs/2015/BPIC15_4.xes,etree_xes_exp,5,2665102005
write_pm4py,/home/max/Downloads/Logs/2015/BPIC15_4.xes,line_by_line,1,2603738623
write_pm4py,/home/max/Downloads/Logs/2015/BPIC15_4.xes,line_by_line,2,2639690595
write_pm4py,/home/max/Downloads/Logs/2015/BPIC15_4.xes,line_by_line,3,2647998527
write_pm4py,/home/max/Downloads/Logs/2015/BPIC15_4.xes,line_by_line,4,2503210633
write_pm4py,/home/max/Downloads/Logs/2015/BPIC15_4.xes,line_by_line,5,2510631878
write_python_jxes,/home/max/Downloads/Logs/2015/BPIC15_4.xes,jxes,1,1457543540
write_python_jxes,/home/max/Downloads/Logs/2015/BPIC15_4.xes,jxes,2,1442227065
write_python_jxes,/home/max/Downloads/Logs/2015/BPIC15_4.xes,jxes,3,1447184383
write_python_jxes,/home/max/Downloads/Logs/2015/BPIC15_4.xes,jxes,4,1439556935
write_python_jxes,/home/max/Downloads/Logs/2015/BPIC15_4.xes,jxes,5,1430032972
read_python_jxes,/home/max/Downloads/Logs/2015/BPIC15_4.xes.jxes.bench,jxes,1,547525171
read_python_jxes,/home/max/Downloads/Logs/2015/BPIC15_4.xes.jxes.bench,jxes,2,561575073
read_python_jxes,/home/max/Downloads/Logs/2015/BPIC15_4.xes.jxes.bench,jxes,3,538351121
read_python_jxes,/home/max/Downloads/Logs/2015/BPIC15_4.xes.jxes.bench,jxes,4,559981332
read_python_jxes,/home/max/Downloads/Logs/2015/BPIC15_4.xes.jxes.bench,jxes,5,534907393
read_pm4py,/home/max/Downloads/Logs/2015/BPIC15_5.xes,iterparse,1,6636867509
read_pm4py,/home/max/Downloads/Logs/2015/BPIC15_5.xes,iterparse,2,6673245615
read_pm4py,/home/max/Downloads/Logs/2015/BPIC15_5.xes,iterparse,3,6671308808
read_pm4py,/home/max/Downloads/Logs/2015/BPIC15_5.xes,iterparse,4,7111799151
read_pm4py,/home/max/Downloads/Logs/2015/BPIC15_5.xes,iterparse,5,6980670844
read_pm4py,/home/max/Downloads/Logs/2015/BPIC15_5.xes,line_by_line,1,1532630531
read_pm4py,/home/max/Downloads/Logs/2015/BPIC15_5.xes,line_by_line,2,1554158193
read_pm4py,/home/max/Downloads/Logs/2015/BPIC15_5.xes,line_by_line,3,1526048538
read_pm4py,/home/max/Downloads/Logs/2015/BPIC15_5.xes,line_by_line,4,1464201722
read_pm4py,/home/max/Downloads/Logs/2015/BPIC15_5.xes,line_by_line,5,1453292231
read_pm4py,/home/max/Downloads/Logs/2015/BPIC15_5.xes,iterparse_mem_compressed,1,6951729922
read_pm4py,/home/max/Downloads/Logs/2015/BPIC15_5.xes,iterparse_mem_compressed,2,6928747244
read_pm4py,/home/max/Downloads/Logs/2015/BPIC15_5.xes,iterparse_mem_compressed,3,6949599533
read_pm4py,/home/max/Downloads/Logs/2015/BPIC15_5.xes,iterparse_mem_compressed,4,6906278500
read_pm4py,/home/max/Downloads/Logs/2015/BPIC15_5.xes,iterparse_mem_compressed,5,6998736120
read_pm4py,/home/max/Downloads/Logs/2015/BPIC15_5.xes,iterparse_20,1,6989186722
read_pm4py,/home/max/Downloads/Logs/2015/BPIC15_5.xes,iterparse_20,2,7028513867
read_pm4py,/home/max/Downloads/Logs/2015/BPIC15_5.xes,iterparse_20,3,7032887959
read_pm4py,/home/max/Downloads/Logs/2015/BPIC15_5.xes,iterparse_20,4,6687597651
read_pm4py,/home/max/Downloads/Logs/2015/BPIC15_5.xes,iterparse_20,5,6617286746
read_pm4py,/home/max/Downloads/Logs/2015/BPIC15_5.xes,chunk_regex,1,2214399618
read_pm4py,/home/max/Downloads/Logs/2015/BPIC15_5.xes,chunk_regex,2,2223190235
read_pm4py,/home/max/Downloads/Logs/2015/BPIC15_5.xes,chunk_regex,3,2261414288
read_pm4py,/home/max/Downloads/Logs/2015/BPIC15_5.xes,chunk_regex,4,2262959084
read_pm4py,/home/max/Downloads/Logs/2015/BPIC15_5.xes,chunk_regex,5,2294622958
write_pm4py,/home/max/Downloads/Logs/2015/BPIC15_5.xes,etree_xes_exp,1,3114333264
write_pm4py,/home/max/Downloads/Logs/2015/BPIC15_5.xes,etree_xes_exp,2,3106519631
write_pm4py,/home/max/Downloads/Logs/2015/BPIC15_5.xes,etree_xes_exp,3,3114798994
write_pm4py,/home/max/Downloads/Logs/2015/BPIC15_5.xes,etree_xes_exp,4,3289958673
write_pm4py,/home/max/Downloads/Logs/2015/BPIC15_5.xes,etree_xes_exp,5,3249372582
write_pm4py,/home/max/Downloads/Logs/2015/BPIC15_5.xes,line_by_line,1,3292960432
write_pm4py,/home/max/Downloads/Logs/2015/BPIC15_5.xes,line_by_line,2,3278350747
write_pm4py,/home/max/Downloads/Logs/2015/BPIC15_5.xes,line_by_line,3,3189305690
write_pm4py,/home/max/Downloads/Logs/2015/BPIC15_5.xes,line_by_line,4,3150023889
write_pm4py,/home/max/Downloads/Logs/2015/BPIC15_5.xes,line_by_line,5,3277716810
write_python_jxes,/home/max/Downloads/Logs/2015/BPIC15_5.xes,jxes,1,1835381550
write_python_jxes,/home/max/Downloads/Logs/2015/BPIC15_5.xes,jxes,2,1830901422
write_python_jxes,/home/max/Downloads/Logs/2015/BPIC15_5.xes,jxes,3,1820236508
write_python_jxes,/home/max/Downloads/Logs/2015/BPIC15_5.xes,jxes,4,1806640839
write_python_jxes,/home/max/Downloads/Logs/2015/BPIC15_5.xes,jxes,5,1786306613
read_python_jxes,/home/max/Downloads/Logs/2015/BPIC15_5.xes.jxes.bench,jxes,1,688527459
read_python_jxes,/home/max/Downloads/Logs/2015/BPIC15_5.xes.jxes.bench,jxes,2,689364718
read_python_jxes,/home/max/Downloads/Logs/2015/BPIC15_5.xes.jxes.bench,jxes,3,701933284
read_python_jxes,/home/max/Downloads/Logs/2015/BPIC15_5.xes.jxes.bench,jxes,4,669952535
read_python_jxes,/home/max/Downloads/Logs/2015/BPIC15_5.xes.jxes.bench,jxes,5,704533716
read_pm4py,/home/max/Downloads/Logs/2017/BPI_Challenge_2017.xes,iterparse,1,76100992136
read_pm4py,/home/max/Downloads/Logs/2017/BPI_Challenge_2017.xes,iterparse,2,76841139296
read_pm4py,/home/max/Downloads/Logs/2017/BPI_Challenge_2017.xes,iterparse,3,76553074202
read_pm4py,/home/max/Downloads/Logs/2017/BPI_Challenge_2017.xes,iterparse,4,76261811112
read_pm4py,/home/max/Downloads/Logs/2017/BPI_Challenge_2017.xes,iterparse,5,76174903680
read_pm4py,/home/max/Downloads/Logs/2017/BPI_Challenge_2017.xes,line_by_line,1,6052697925
read_pm4py,/home/max/Downloads/Logs/2017/BPI_Challenge_2017.xes,line_by_line,2,5788512204
read_pm4py,/home/max/Downloads/Logs/2017/BPI_Challenge_2017.xes,line_by_line,3,5677360026
read_pm4py,/home/max/Downloads/Logs/2017/BPI_Challenge_2017.xes,line_by_line,4,5898424236
read_pm4py,/home/max/Downloads/Logs/2017/BPI_Challenge_2017.xes,line_by_line,5,5572623723
read_pm4py,/home/max/Downloads/Logs/2017/BPI_Challenge_2017.xes,iterparse_mem_compressed,1,78155658607
read_pm4py,/home/max/Downloads/Logs/2017/BPI_Challenge_2017.xes,iterparse_mem_compressed,2,78282086693
read_pm4py,/home/max/Downloads/Logs/2017/BPI_Challenge_2017.xes,iterparse_mem_compressed,3,79474621587
read_pm4py,/home/max/Downloads/Logs/2017/BPI_Challenge_2017.xes,iterparse_mem_compressed,4,78160607357
read_pm4py,/home/max/Downloads/Logs/2017/BPI_Challenge_2017.xes,iterparse_mem_compressed,5,78355677915
read_pm4py,/home/max/Downloads/Logs/2017/BPI_Challenge_2017.xes,iterparse_20,1,76775234208
read_pm4py,/home/max/Downloads/Logs/2017/BPI_Challenge_2017.xes,iterparse_20,2,76677380544
read_pm4py,/home/max/Downloads/Logs/2017/BPI_Challenge_2017.xes,iterparse_20,3,76164463835
read_pm4py,/home/max/Downloads/Logs/2017/BPI_Challenge_2017.xes,iterparse_20,4,76462444755
read_pm4py,/home/max/Downloads/Logs/2017/BPI_Challenge_2017.xes,iterparse_20,5,76797109660
read_pm4py,/home/max/Downloads/Logs/2017/BPI_Challenge_2017.xes,chunk_regex,1,41115101697
read_pm4py,/home/max/Downloads/Logs/2017/BPI_Challenge_2017.xes,chunk_regex,2,41524223711
read_pm4py,/home/max/Downloads/Logs/2017/BPI_Challenge_2017.xes,chunk_regex,3,40915934103
read_pm4py,/home/max/Downloads/Logs/2017/BPI_Challenge_2017.xes,chunk_regex,4,41085887581
read_pm4py,/home/max/Downloads/Logs/2017/BPI_Challenge_2017.xes,chunk_regex,5,41554153300
write_pm4py,/home/max/Downloads/Logs/2017/BPI_Challenge_2017.xes,etree_xes_exp,1,42066493376
write_pm4py,/home/max/Downloads/Logs/2017/BPI_Challenge_2017.xes,etree_xes_exp,2,41325335422
write_pm4py,/home/max/Downloads/Logs/2017/BPI_Challenge_2017.xes,etree_xes_exp,3,42046204559
write_pm4py,/home/max/Downloads/Logs/2017/BPI_Challenge_2017.xes,etree_xes_exp,4,42088639764
write_pm4py,/home/max/Downloads/Logs/2017/BPI_Challenge_2017.xes,etree_xes_exp,5,41728822979
write_pm4py,/home/max/Downloads/Logs/2017/BPI_Challenge_2017.xes,line_by_line,1,41480637990
write_pm4py,/home/max/Downloads/Logs/2017/BPI_Challenge_2017.xes,line_by_line,2,42142286736
write_pm4py,/home/max/Downloads/Logs/2017/BPI_Challenge_2017.xes,line_by_line,3,41921935571
write_pm4py,/home/max/Downloads/Logs/2017/BPI_Challenge_2017.xes,line_by_line,4,41314256652
write_pm4py,/home/max/Downloads/Logs/2017/BPI_Challenge_2017.xes,line_by_line,5,41953539249
write_python_jxes,/home/max/Downloads/Logs/2017/BPI_Challenge_2017.xes,jxes,1,24489815142
write_python_jxes,/home/max/Downloads/Logs/2017/BPI_Challenge_2017.xes,jxes,2,25196085666
write_python_jxes,/home/max/Downloads/Logs/2017/BPI_Challenge_2017.xes,jxes,3,24393423111
write_python_jxes,/home/max/Downloads/Logs/2017/BPI_Challenge_2017.xes,jxes,4,25177502980
write_python_jxes,/home/max/Downloads/Logs/2017/BPI_Challenge_2017.xes,jxes,5,24565033475
read_python_jxes,/home/max/Downloads/Logs/2017/BPI_Challenge_2017.xes.jxes.bench,jxes,1,10635249974
read_python_jxes,/home/max/Downloads/Logs/2017/BPI_Challenge_2017.xes.jxes.bench,jxes,2,10934062845
read_python_jxes,/home/max/Downloads/Logs/2017/BPI_Challenge_2017.xes.jxes.bench,jxes,3,11137326159
read_python_jxes,/home/max/Downloads/Logs/2017/BPI_Challenge_2017.xes.jxes.bench,jxes,4,11335380545
read_python_jxes,/home/max/Downloads/Logs/2017/BPI_Challenge_2017.xes.jxes.bench,jxes,5,10649470612
read_pm4py,/home/max/Downloads/Logs/2018/BPI_Challenge_2018.xes,iterparse,1,282147109017
read_pm4py,/home/max/Downloads/Logs/2018/BPI_Challenge_2018.xes,iterparse,2,281144068571
read_pm4py,/home/max/Downloads/Logs/2018/BPI_Challenge_2018.xes,iterparse,3,287196872700
read_pm4py,/home/max/Downloads/Logs/2018/BPI_Challenge_2018.xes,iterparse,4,281363611781
read_pm4py,/home/max/Downloads/Logs/2018/BPI_Challenge_2018.xes,iterparse,5,281827041469
read_pm4py,/home/max/Downloads/Logs/2018/BPI_Challenge_2018.xes,line_by_line,1,73830676881
read_pm4py,/home/max/Downloads/Logs/2018/BPI_Challenge_2018.xes,line_by_line,2,72638516227
read_pm4py,/home/max/Downloads/Logs/2018/BPI_Challenge_2018.xes,line_by_line,3,73323751156
read_pm4py,/home/max/Downloads/Logs/2018/BPI_Challenge_2018.xes,line_by_line,4,73119773785
read_pm4py,/home/max/Downloads/Logs/2018/BPI_Challenge_2018.xes,line_by_line,5,73035117705
read_pm4py,/home/max/Downloads/Logs/2018/BPI_Challenge_2018.xes,iterparse_mem_compressed,1,298230321671
read_pm4py,/home/max/Downloads/Logs/2018/BPI_Challenge_2018.xes,iterparse_mem_compressed,2,296564654027
read_pm4py,/home/max/Downloads/Logs/2018/BPI_Challenge_2018.xes,iterparse_mem_compressed,3,296586796343
read_pm4py,/home/max/Downloads/Logs/2018/BPI_Challenge_2018.xes,iterparse_mem_compressed,4,296889043307
read_pm4py,/home/max/Downloads/Logs/2018/BPI_Challenge_2018.xes,iterparse_mem_compressed,5,297205451265
read_pm4py,/home/max/Downloads/Logs/2018/BPI_Challenge_2018.xes,iterparse_20,1,284593699996
read_pm4py,/home/max/Downloads/Logs/2018/BPI_Challenge_2018.xes,iterparse_20,2,283456558713
read_pm4py,/home/max/Downloads/Logs/2018/BPI_Challenge_2018.xes,iterparse_20,3,285104242370
read_pm4py,/home/max/Downloads/Logs/2018/BPI_Challenge_2018.xes,iterparse_20,4,288362769180
read_pm4py,/home/max/Downloads/Logs/2018/BPI_Challenge_2018.xes,iterparse_20,5,280459588009
read_pm4py,/home/max/Downloads/Logs/2018/BPI_Challenge_2018.xes,chunk_regex,1,105900664719
read_pm4py,/home/max/Downloads/Logs/2018/BPI_Challenge_2018.xes,chunk_regex,2,105961862830
read_pm4py,/home/max/Downloads/Logs/2018/BPI_Challenge_2018.xes,chunk_regex,3,104930774691
read_pm4py,/home/max/Downloads/Logs/2018/BPI_Challenge_2018.xes,chunk_regex,4,106032482367
read_pm4py,/home/max/Downloads/Logs/2018/BPI_Challenge_2018.xes,chunk_regex,5,107384965015
write_pm4py,/home/max/Downloads/Logs/2018/BPI_Challenge_2018.xes,etree_xes_exp,1,149922693563
write_pm4py,/home/max/Downloads/Logs/2018/BPI_Challenge_2018.xes,etree_xes_exp,2,149589982585
write_pm4py,/home/max/Downloads/Logs/2018/BPI_Challenge_2018.xes,etree_xes_exp,3,150786118690
write_pm4py,/home/max/Downloads/Logs/2018/BPI_Challenge_2018.xes,etree_xes_exp,4,149391985745
write_pm4py,/home/max/Downloads/Logs/2018/BPI_Challenge_2018.xes,etree_xes_exp,5,151161775597
write_pm4py,/home/max/Downloads/Logs/2018/BPI_Challenge_2018.xes,line_by_line,1,150389855573
write_pm4py,/home/max/Downloads/Logs/2018/BPI_Challenge_2018.xes,line_by_line,2,151747834304
write_pm4py,/home/max/Downloads/Logs/2018/BPI_Challenge_2018.xes,line_by_line,3,150939394833
write_pm4py,/home/max/Downloads/Logs/2018/BPI_Challenge_2018.xes,line_by_line,4,151405187996
write_pm4py,/home/max/Downloads/Logs/2018/BPI_Challenge_2018.xes,line_by_line,5,150340070696
write_python_jxes,/home/max/Downloads/Logs/2018/BPI_Challenge_2018.xes,jxes,1,80961244847
write_python_jxes,/home/max/Downloads/Logs/2018/BPI_Challenge_2018.xes,jxes,2,81715749050
write_python_jxes,/home/max/Downloads/Logs/2018/BPI_Challenge_2018.xes,jxes,3,80540962045
write_python_jxes,/home/max/Downloads/Logs/2018/BPI_Challenge_2018.xes,jxes,4,81089565330
write_python_jxes,/home/max/Downloads/Logs/2018/BPI_Challenge_2018.xes,jxes,5,82084734625
read_python_jxes,/home/max/Downloads/Logs/2018/BPI_Challenge_2018.xes.jxes.bench,jxes,1,33713383342
read_python_jxes,/home/max/Downloads/Logs/2018/BPI_Challenge_2018.xes.jxes.bench,jxes,2,32160608671
read_python_jxes,/home/max/Downloads/Logs/2018/BPI_Challenge_2018.xes.jxes.bench,jxes,3,32187742144
read_python_jxes,/home/max/Downloads/Logs/2018/BPI_Challenge_2018.xes.jxes.bench,jxes,4,31800339393
read_python_jxes,/home/max/Downloads/Logs/2018/BPI_Challenge_2018.xes.jxes.bench,jxes,5,32398721195
read_pm4py,/home/max/Downloads/Logs/2019/BPI_Challenge_2019.xes,iterparse,1,104354896883
read_pm4py,/home/max/Downloads/Logs/2019/BPI_Challenge_2019.xes,iterparse,2,101177076435
read_pm4py,/home/max/Downloads/Logs/2019/BPI_Challenge_2019.xes,iterparse,3,101451417821
read_pm4py,/home/max/Downloads/Logs/2019/BPI_Challenge_2019.xes,iterparse,4,100893181612
read_pm4py,/home/max/Downloads/Logs/2019/BPI_Challenge_2019.xes,iterparse,5,102629973964
read_pm4py,/home/max/Downloads/Logs/2019/BPI_Challenge_2019.xes,line_by_line,1,7779145670
read_pm4py,/home/max/Downloads/Logs/2019/BPI_Challenge_2019.xes,line_by_line,2,7674679560
read_pm4py,/home/max/Downloads/Logs/2019/BPI_Challenge_2019.xes,line_by_line,3,7680940272
read_pm4py,/home/max/Downloads/Logs/2019/BPI_Challenge_2019.xes,line_by_line,4,8001147791
read_pm4py,/home/max/Downloads/Logs/2019/BPI_Challenge_2019.xes,line_by_line,5,7941602121
read_pm4py,/home/max/Downloads/Logs/2019/BPI_Challenge_2019.xes,iterparse_mem_compressed,1,102595844096
read_pm4py,/home/max/Downloads/Logs/2019/BPI_Challenge_2019.xes,iterparse_mem_compressed,2,103025807613
read_pm4py,/home/max/Downloads/Logs/2019/BPI_Challenge_2019.xes,iterparse_mem_compressed,3,104034967461
read_pm4py,/home/max/Downloads/Logs/2019/BPI_Challenge_2019.xes,iterparse_mem_compressed,4,102000587646
read_pm4py,/home/max/Downloads/Logs/2019/BPI_Challenge_2019.xes,iterparse_mem_compressed,5,103197269833
read_pm4py,/home/max/Downloads/Logs/2019/BPI_Challenge_2019.xes,iterparse_20,1,102348711673
read_pm4py,/home/max/Downloads/Logs/2019/BPI_Challenge_2019.xes,iterparse_20,2,100878121931
read_pm4py,/home/max/Downloads/Logs/2019/BPI_Challenge_2019.xes,iterparse_20,3,102823875095
read_pm4py,/home/max/Downloads/Logs/2019/BPI_Challenge_2019.xes,iterparse_20,4,102962325825
read_pm4py,/home/max/Downloads/Logs/2019/BPI_Challenge_2019.xes,iterparse_20,5,101463451531
read_pm4py,/home/max/Downloads/Logs/2019/BPI_Challenge_2019.xes,chunk_regex,1,55921952966
read_pm4py,/home/max/Downloads/Logs/2019/BPI_Challenge_2019.xes,chunk_regex,2,55260998590
read_pm4py,/home/max/Downloads/Logs/2019/BPI_Challenge_2019.xes,chunk_regex,3,55514261163
read_pm4py,/home/max/Downloads/Logs/2019/BPI_Challenge_2019.xes,chunk_regex,4,55208932856
read_pm4py,/home/max/Downloads/Logs/2019/BPI_Challenge_2019.xes,chunk_regex,5,55223496437
write_pm4py,/home/max/Downloads/Logs/2019/BPI_Challenge_2019.xes,etree_xes_exp,1,55336804624
write_pm4py,/home/max/Downloads/Logs/2019/BPI_Challenge_2019.xes,etree_xes_exp,2,54227145590
write_pm4py,/home/max/Downloads/Logs/2019/BPI_Challenge_2019.xes,etree_xes_exp,3,54839428544
write_pm4py,/home/max/Downloads/Logs/2019/BPI_Challenge_2019.xes,etree_xes_exp,4,54849205623
write_pm4py,/home/max/Downloads/Logs/2019/BPI_Challenge_2019.xes,etree_xes_exp,5,55263369852
write_pm4py,/home/max/Downloads/Logs/2019/BPI_Challenge_2019.xes,line_by_line,1,54938198015
write_pm4py,/home/max/Downloads/Logs/2019/BPI_Challenge_2019.xes,line_by_line,2,55281715127
write_pm4py,/home/max/Downloads/Logs/2019/BPI_Challenge_2019.xes,line_by_line,3,55246640079
write_pm4py,/home/max/Downloads/Logs/2019/BPI_Challenge_2019.xes,line_by_line,4,55825966832
write_pm4py,/home/max/Downloads/Logs/2019/BPI_Challenge_2019.xes,line_by_line,5,55764830657
write_python_jxes,/home/max/Downloads/Logs/2019/BPI_Challenge_2019.xes,jxes,1,33246432708
write_python_jxes,/home/max/Downloads/Logs/2019/BPI_Challenge_2019.xes,jxes,2,34415128985
write_python_jxes,/home/max/Downloads/Logs/2019/BPI_Challenge_2019.xes,jxes,3,33141895499
write_python_jxes,/home/max/Downloads/Logs/2019/BPI_Challenge_2019.xes,jxes,4,33872673567
write_python_jxes,/home/max/Downloads/Logs/2019/BPI_Challenge_2019.xes,jxes,5,33647696270
read_python_jxes,/home/max/Downloads/Logs/2019/BPI_Challenge_2019.xes.jxes.bench,jxes,1,15700121863
read_python_jxes,/home/max/Downloads/Logs/2019/BPI_Challenge_2019.xes.jxes.bench,jxes,2,15351615263
read_python_jxes,/home/max/Downloads/Logs/2019/BPI_Challenge_2019.xes.jxes.bench,jxes,3,15425365035
read_python_jxes,/home/max/Downloads/Logs/2019/BPI_Challenge_2019.xes.jxes.bench,jxes,4,15877690336
read_python_jxes,/home/max/Downloads/Logs/2019/BPI_Challenge_2019.xes.jxes.bench,jxes,5,15596902541
read_pm4py,/home/max/Downloads/Logs/2019/BPI_Challenge_2019.xes,iterparse,1,100189028550
read_pm4py,/home/max/Downloads/Logs/2019/BPI_Challenge_2019.xes,iterparse,2,99495949455
read_pm4py,/home/max/Downloads/Logs/2019/BPI_Challenge_2019.xes,iterparse,3,101792955558
read_pm4py,/home/max/Downloads/Logs/2019/BPI_Challenge_2019.xes,iterparse,4,101646265864
read_pm4py,/home/max/Downloads/Logs/2019/BPI_Challenge_2019.xes,iterparse,5,100943955810
read_pm4py,/home/max/Downloads/Logs/2019/BPI_Challenge_2019.xes,line_by_line,1,7563218857
read_pm4py,/home/max/Downloads/Logs/2019/BPI_Challenge_2019.xes,line_by_line,2,7909714560
read_pm4py,/home/max/Downloads/Logs/2019/BPI_Challenge_2019.xes,line_by_line,3,7941092140
read_pm4py,/home/max/Downloads/Logs/2019/BPI_Challenge_2019.xes,line_by_line,4,7689272341
read_pm4py,/home/max/Downloads/Logs/2019/BPI_Challenge_2019.xes,line_by_line,5,7605277255
read_pm4py,/home/max/Downloads/Logs/2019/BPI_Challenge_2019.xes,iterparse_mem_compressed,1,102553716601
read_pm4py,/home/max/Downloads/Logs/2019/BPI_Challenge_2019.xes,iterparse_mem_compressed,2,102198139513
read_pm4py,/home/max/Downloads/Logs/2019/BPI_Challenge_2019.xes,iterparse_mem_compressed,3,108849237768
read_pm4py,/home/max/Downloads/Logs/2019/BPI_Challenge_2019.xes,iterparse_mem_compressed,4,102469972951
read_pm4py,/home/max/Downloads/Logs/2019/BPI_Challenge_2019.xes,iterparse_mem_compressed,5,101339527854
read_pm4py,/home/max/Downloads/Logs/2019/BPI_Challenge_2019.xes,iterparse_20,1,100960312427
read_pm4py,/home/max/Downloads/Logs/2019/BPI_Challenge_2019.xes,iterparse_20,2,100336648347
read_pm4py,/home/max/Downloads/Logs/2019/BPI_Challenge_2019.xes,iterparse_20,3,99944149096
read_pm4py,/home/max/Downloads/Logs/2019/BPI_Challenge_2019.xes,iterparse_20,4,100613109608
read_pm4py,/home/max/Downloads/Logs/2019/BPI_Challenge_2019.xes,iterparse_20,5,100459940678
read_pm4py,/home/max/Downloads/Logs/2019/BPI_Challenge_2019.xes,chunk_regex,1,53917633337
read_pm4py,/home/max/Downloads/Logs/2019/BPI_Challenge_2019.xes,chunk_regex,2,54070126586
read_pm4py,/home/max/Downloads/Logs/2019/BPI_Challenge_2019.xes,chunk_regex,3,54215071351
read_pm4py,/home/max/Downloads/Logs/2019/BPI_Challenge_2019.xes,chunk_regex,4,54121361982
read_pm4py,/home/max/Downloads/Logs/2019/BPI_Challenge_2019.xes,chunk_regex,5,54513316580
write_pm4py,/home/max/Downloads/Logs/2019/BPI_Challenge_2019.xes,etree_xes_exp,1,54502734822
write_pm4py,/home/max/Downloads/Logs/2019/BPI_Challenge_2019.xes,etree_xes_exp,2,54006200429
write_pm4py,/home/max/Downloads/Logs/2019/BPI_Challenge_2019.xes,etree_xes_exp,3,54601965539
write_pm4py,/home/max/Downloads/Logs/2019/BPI_Challenge_2019.xes,etree_xes_exp,4,54779540199
write_pm4py,/home/max/Downloads/Logs/2019/BPI_Challenge_2019.xes,etree_xes_exp,5,54938977075
write_pm4py,/home/max/Downloads/Logs/2019/BPI_Challenge_2019.xes,line_by_line,1,54656869317
write_pm4py,/home/max/Downloads/Logs/2019/BPI_Challenge_2019.xes,line_by_line,2,54637243607
write_pm4py,/home/max/Downloads/Logs/2019/BPI_Challenge_2019.xes,line_by_line,3,55166213387
write_pm4py,/home/max/Downloads/Logs/2019/BPI_Challenge_2019.xes,line_by_line,4,54838265109
write_pm4py,/home/max/Downloads/Logs/2019/BPI_Challenge_2019.xes,line_by_line,5,54319598555
write_python_jxes,/home/max/Downloads/Logs/2019/BPI_Challenge_2019.xes,jxes,1,32824072232
write_python_jxes,/home/max/Downloads/Logs/2019/BPI_Challenge_2019.xes,jxes,2,33683725051
write_python_jxes,/home/max/Downloads/Logs/2019/BPI_Challenge_2019.xes,jxes,3,32843198648
write_python_jxes,/home/max/Downloads/Logs/2019/BPI_Challenge_2019.xes,jxes,4,33656764482
write_python_jxes,/home/max/Downloads/Logs/2019/BPI_Challenge_2019.xes,jxes,5,32835075801
read_python_jxes,/home/max/Downloads/Logs/2019/BPI_Challenge_2019.xes.jxes.bench,jxes,1,15803802389
read_python_jxes,/home/max/Downloads/Logs/2019/BPI_Challenge_2019.xes.jxes.bench,jxes,2,15280727856
read_python_jxes,/home/max/Downloads/Logs/2019/BPI_Challenge_2019.xes.jxes.bench,jxes,3,15229438140
read_python_jxes,/home/max/Downloads/Logs/2019/BPI_Challenge_2019.xes.jxes.bench,jxes,4,15489790998
read_python_jxes,/home/max/Downloads/Logs/2019/BPI_Challenge_2019.xes.jxes.bench,jxes,5,15725063416
read_pm4py,/home/max/Downloads/Logs/2020/2020_DomesticDeclarations.xes,iterparse,1,2902130974
read_pm4py,/home/max/Downloads/Logs/2020/2020_DomesticDeclarations.xes,iterparse,2,2957831656
read_pm4py,/home/max/Downloads/Logs/2020/2020_DomesticDeclarations.xes,iterparse,3,2927740557
read_pm4py,/home/max/Downloads/Logs/2020/2020_DomesticDeclarations.xes,iterparse,4,2926263296
read_pm4py,/home/max/Downloads/Logs/2020/2020_DomesticDeclarations.xes,iterparse,5,2949569412
read_pm4py,/home/max/Downloads/Logs/2020/2020_DomesticDeclarations.xes,line_by_line,1,795624515
read_pm4py,/home/max/Downloads/Logs/2020/2020_DomesticDeclarations.xes,line_by_line,2,826511753
read_pm4py,/home/max/Downloads/Logs/2020/2020_DomesticDeclarations.xes,line_by_line,3,825807366
read_pm4py,/home/max/Downloads/Logs/2020/2020_DomesticDeclarations.xes,line_by_line,4,819246129
read_pm4py,/home/max/Downloads/Logs/2020/2020_DomesticDeclarations.xes,line_by_line,5,831941050
read_pm4py,/home/max/Downloads/Logs/2020/2020_DomesticDeclarations.xes,iterparse_mem_compressed,1,3100966834
read_pm4py,/home/max/Downloads/Logs/2020/2020_DomesticDeclarations.xes,iterparse_mem_compressed,2,3043746295
read_pm4py,/home/max/Downloads/Logs/2020/2020_DomesticDeclarations.xes,iterparse_mem_compressed,3,3187691934
read_pm4py,/home/max/Downloads/Logs/2020/2020_DomesticDeclarations.xes,iterparse_mem_compressed,4,3212783422
read_pm4py,/home/max/Downloads/Logs/2020/2020_DomesticDeclarations.xes,iterparse_mem_compressed,5,3262115533
read_pm4py,/home/max/Downloads/Logs/2020/2020_DomesticDeclarations.xes,iterparse_20,1,3074405011
read_pm4py,/home/max/Downloads/Logs/2020/2020_DomesticDeclarations.xes,iterparse_20,2,3111723943
read_pm4py,/home/max/Downloads/Logs/2020/2020_DomesticDeclarations.xes,iterparse_20,3,3070978658
read_pm4py,/home/max/Downloads/Logs/2020/2020_DomesticDeclarations.xes,iterparse_20,4,2934896245
read_pm4py,/home/max/Downloads/Logs/2020/2020_DomesticDeclarations.xes,iterparse_20,5,2962503481
read_pm4py,/home/max/Downloads/Logs/2020/2020_DomesticDeclarations.xes,chunk_regex,1,1170760899
read_pm4py,/home/max/Downloads/Logs/2020/2020_DomesticDeclarations.xes,chunk_regex,2,1198329493
read_pm4py,/home/max/Downloads/Logs/2020/2020_DomesticDeclarations.xes,chunk_regex,3,1196830159
read_pm4py,/home/max/Downloads/Logs/2020/2020_DomesticDeclarations.xes,chunk_regex,4,1169474997
read_pm4py,/home/max/Downloads/Logs/2020/2020_DomesticDeclarations.xes,chunk_regex,5,1171236205
write_pm4py,/home/max/Downloads/Logs/2020/2020_DomesticDeclarations.xes,etree_xes_exp,1,1589476529
write_pm4py,/home/max/Downloads/Logs/2020/2020_DomesticDeclarations.xes,etree_xes_exp,2,1570533667
write_pm4py,/home/max/Downloads/Logs/2020/2020_DomesticDeclarations.xes,etree_xes_exp,3,1561807822
write_pm4py,/home/max/Downloads/Logs/2020/2020_DomesticDeclarations.xes,etree_xes_exp,4,1573086344
write_pm4py,/home/max/Downloads/Logs/2020/2020_DomesticDeclarations.xes,etree_xes_exp,5,1587357280
write_pm4py,/home/max/Downloads/Logs/2020/2020_DomesticDeclarations.xes,line_by_line,1,1590413288
write_pm4py,/home/max/Downloads/Logs/2020/2020_DomesticDeclarations.xes,line_by_line,2,1569182410
write_pm4py,/home/max/Downloads/Logs/2020/2020_DomesticDeclarations.xes,line_by_line,3,1565963561
write_pm4py,/home/max/Downloads/Logs/2020/2020_DomesticDeclarations.xes,line_by_line,4,1560033503
write_pm4py,/home/max/Downloads/Logs/2020/2020_DomesticDeclarations.xes,line_by_line,5,1583635442
write_python_jxes,/home/max/Downloads/Logs/2020/2020_DomesticDeclarations.xes,jxes,1,1078817592
write_python_jxes,/home/max/Downloads/Logs/2020/2020_DomesticDeclarations.xes,jxes,2,1038321978
write_python_jxes,/home/max/Downloads/Logs/2020/2020_DomesticDeclarations.xes,jxes,3,1047636772
write_python_jxes,/home/max/Downloads/Logs/2020/2020_DomesticDeclarations.xes,jxes,4,1044608470
write_python_jxes,/home/max/Downloads/Logs/2020/2020_DomesticDeclarations.xes,jxes,5,1042246148
read_python_jxes,/home/max/Downloads/Logs/2020/2020_DomesticDeclarations.xes.jxes.bench,jxes,1,461276921
read_python_jxes,/home/max/Downloads/Logs/2020/2020_DomesticDeclarations.xes.jxes.bench,jxes,2,453842539
read_python_jxes,/home/max/Downloads/Logs/2020/2020_DomesticDeclarations.xes.jxes.bench,jxes,3,447357783
read_python_jxes,/home/max/Downloads/Logs/2020/2020_DomesticDeclarations.xes.jxes.bench,jxes,4,452173330
read_python_jxes,/home/max/Downloads/Logs/2020/2020_DomesticDeclarations.xes.jxes.bench,jxes,5,447309771
read_pm4py,/home/max/Downloads/Logs/2020/2020_InternationalDeclarations.xes,iterparse,1,4214721632
read_pm4py,/home/max/Downloads/Logs/2020/2020_InternationalDeclarations.xes,iterparse,2,4223244067
read_pm4py,/home/max/Downloads/Logs/2020/2020_InternationalDeclarations.xes,iterparse,3,4220871230
read_pm4py,/home/max/Downloads/Logs/2020/2020_InternationalDeclarations.xes,iterparse,4,4058366332
read_pm4py,/home/max/Downloads/Logs/2020/2020_InternationalDeclarations.xes,iterparse,5,4057756121
read_pm4py,/home/max/Downloads/Logs/2020/2020_InternationalDeclarations.xes,line_by_line,1,1135015396
read_pm4py,/home/max/Downloads/Logs/2020/2020_InternationalDeclarations.xes,line_by_line,2,1144628081
read_pm4py,/home/max/Downloads/Logs/2020/2020_InternationalDeclarations.xes,line_by_line,3,1140436705
read_pm4py,/home/max/Downloads/Logs/2020/2020_InternationalDeclarations.xes,line_by_line,4,1149612627
read_pm4py,/home/max/Downloads/Logs/2020/2020_InternationalDeclarations.xes,line_by_line,5,1135791318
read_pm4py,/home/max/Downloads/Logs/2020/2020_InternationalDeclarations.xes,iterparse_mem_compressed,1,4313052799
read_pm4py,/home/max/Downloads/Logs/2020/2020_InternationalDeclarations.xes,iterparse_mem_compressed,2,4292544724
read_pm4py,/home/max/Downloads/Logs/2020/2020_InternationalDeclarations.xes,iterparse_mem_compressed,3,4255771825
read_pm4py,/home/max/Downloads/Logs/2020/2020_InternationalDeclarations.xes,iterparse_mem_compressed,4,4258397608
read_pm4py,/home/max/Downloads/Logs/2020/2020_InternationalDeclarations.xes,iterparse_mem_compressed,5,4322233233
read_pm4py,/home/max/Downloads/Logs/2020/2020_InternationalDeclarations.xes,iterparse_20,1,4048892791
read_pm4py,/home/max/Downloads/Logs/2020/2020_InternationalDeclarations.xes,iterparse_20,2,4297601895
read_pm4py,/home/max/Downloads/Logs/2020/2020_InternationalDeclarations.xes,iterparse_20,3,4265568030
read_pm4py,/home/max/Downloads/Logs/2020/2020_InternationalDeclarations.xes,iterparse_20,4,4263608098
read_pm4py,/home/max/Downloads/Logs/2020/2020_InternationalDeclarations.xes,iterparse_20,5,4225400848
read_pm4py,/home/max/Downloads/Logs/2020/2020_InternationalDeclarations.xes,chunk_regex,1,1582547038
read_pm4py,/home/max/Downloads/Logs/2020/2020_InternationalDeclarations.xes,chunk_regex,2,1593587327
read_pm4py,/home/max/Downloads/Logs/2020/2020_InternationalDeclarations.xes,chunk_regex,3,1613751343
read_pm4py,/home/max/Downloads/Logs/2020/2020_InternationalDeclarations.xes,chunk_regex,4,1704900375
read_pm4py,/home/max/Downloads/Logs/2020/2020_InternationalDeclarations.xes,chunk_regex,5,1607376196
write_pm4py,/home/max/Downloads/Logs/2020/2020_InternationalDeclarations.xes,etree_xes_exp,1,2215401272
write_pm4py,/home/max/Downloads/Logs/2020/2020_InternationalDeclarations.xes,etree_xes_exp,2,2198339555
write_pm4py,/home/max/Downloads/Logs/2020/2020_InternationalDeclarations.xes,etree_xes_exp,3,2249157044
write_pm4py,/home/max/Downloads/Logs/2020/2020_InternationalDeclarations.xes,etree_xes_exp,4,2202302293
write_pm4py,/home/max/Downloads/Logs/2020/2020_InternationalDeclarations.xes,etree_xes_exp,5,2191095516
write_pm4py,/home/max/Downloads/Logs/2020/2020_InternationalDeclarations.xes,line_by_line,1,2195557207
write_pm4py,/home/max/Downloads/Logs/2020/2020_InternationalDeclarations.xes,line_by_line,2,2201962542
write_pm4py,/home/max/Downloads/Logs/2020/2020_InternationalDeclarations.xes,line_by_line,3,2213186314
write_pm4py,/home/max/Downloads/Logs/2020/2020_InternationalDeclarations.xes,line_by_line,4,2151941937
write_pm4py,/home/max/Downloads/Logs/2020/2020_InternationalDeclarations.xes,line_by_line,5,2193647821
write_python_jxes,/home/max/Downloads/Logs/2020/2020_InternationalDeclarations.xes,jxes,1,1343467892
write_python_jxes,/home/max/Downloads/Logs/2020/2020_InternationalDeclarations.xes,jxes,2,1352046320
write_python_jxes,/home/max/Downloads/Logs/2020/2020_InternationalDeclarations.xes,jxes,3,1387267927
write_python_jxes,/home/max/Downloads/Logs/2020/2020_InternationalDeclarations.xes,jxes,4,1431778607
write_python_jxes,/home/max/Downloads/Logs/2020/2020_InternationalDeclarations.xes,jxes,5,1441652570
read_python_jxes,/home/max/Downloads/Logs/2020/2020_InternationalDeclarations.xes.jxes.bench,jxes,1,572982376
read_python_jxes,/home/max/Downloads/Logs/2020/2020_InternationalDeclarations.xes.jxes.bench,jxes,2,586335600
read_python_jxes,/home/max/Downloads/Logs/2020/2020_InternationalDeclarations.xes.jxes.bench,jxes,3,569830050
read_python_jxes,/home/max/Downloads/Logs/2020/2020_InternationalDeclarations.xes.jxes.bench,jxes,4,591635005
read_python_jxes,/home/max/Downloads/Logs/2020/2020_InternationalDeclarations.xes.jxes.bench,jxes,5,589651157
read_pm4py,/home/max/Downloads/Logs/2020/2020_PermitLog.xes,iterparse,1,4950282567
read_pm4py,/home/max/Downloads/Logs/2020/2020_PermitLog.xes,iterparse,2,4888077474
read_pm4py,/home/max/Downloads/Logs/2020/2020_PermitLog.xes,iterparse,3,4748347393
read_pm4py,/home/max/Downloads/Logs/2020/2020_PermitLog.xes,iterparse,4,4800297560
read_pm4py,/home/max/Downloads/Logs/2020/2020_PermitLog.xes,iterparse,5,4711817295
read_pm4py,/home/max/Downloads/Logs/2020/2020_PermitLog.xes,line_by_line,1,1375273932
read_pm4py,/home/max/Downloads/Logs/2020/2020_PermitLog.xes,line_by_line,2,1391237163
read_pm4py,/home/max/Downloads/Logs/2020/2020_PermitLog.xes,line_by_line,3,1409658227
read_pm4py,/home/max/Downloads/Logs/2020/2020_PermitLog.xes,line_by_line,4,1386892277
read_pm4py,/home/max/Downloads/Logs/2020/2020_PermitLog.xes,line_by_line,5,1396853913
read_pm4py,/home/max/Downloads/Logs/2020/2020_PermitLog.xes,iterparse_mem_compressed,1,5033718024
read_pm4py,/home/max/Downloads/Logs/2020/2020_PermitLog.xes,iterparse_mem_compressed,2,5107747081
read_pm4py,/home/max/Downloads/Logs/2020/2020_PermitLog.xes,iterparse_mem_compressed,3,4996069365
read_pm4py,/home/max/Downloads/Logs/2020/2020_PermitLog.xes,iterparse_mem_compressed,4,5237652735
read_pm4py,/home/max/Downloads/Logs/2020/2020_PermitLog.xes,iterparse_mem_compressed,5,5408920487
read_pm4py,/home/max/Downloads/Logs/2020/2020_PermitLog.xes,iterparse_20,1,5004726397
read_pm4py,/home/max/Downloads/Logs/2020/2020_PermitLog.xes,iterparse_20,2,4948911840
read_pm4py,/home/max/Downloads/Logs/2020/2020_PermitLog.xes,iterparse_20,3,4766935698
read_pm4py,/home/max/Downloads/Logs/2020/2020_PermitLog.xes,iterparse_20,4,4791940881
read_pm4py,/home/max/Downloads/Logs/2020/2020_PermitLog.xes,iterparse_20,5,4746783377
read_pm4py,/home/max/Downloads/Logs/2020/2020_PermitLog.xes,chunk_regex,1,1944144508
read_pm4py,/home/max/Downloads/Logs/2020/2020_PermitLog.xes,chunk_regex,2,1978165844
read_pm4py,/home/max/Downloads/Logs/2020/2020_PermitLog.xes,chunk_regex,3,1985041069
read_pm4py,/home/max/Downloads/Logs/2020/2020_PermitLog.xes,chunk_regex,4,1945757915
read_pm4py,/home/max/Downloads/Logs/2020/2020_PermitLog.xes,chunk_regex,5,1967116069
write_pm4py,/home/max/Downloads/Logs/2020/2020_PermitLog.xes,etree_xes_exp,1,2535819820
write_pm4py,/home/max/Downloads/Logs/2020/2020_PermitLog.xes,etree_xes_exp,2,2525427951
write_pm4py,/home/max/Downloads/Logs/2020/2020_PermitLog.xes,etree_xes_exp,3,2578061716
write_pm4py,/home/max/Downloads/Logs/2020/2020_PermitLog.xes,etree_xes_exp,4,2676945593
write_pm4py,/home/max/Downloads/Logs/2020/2020_PermitLog.xes,etree_xes_exp,5,2700956190
write_pm4py,/home/max/Downloads/Logs/2020/2020_PermitLog.xes,line_by_line,1,2660100056
write_pm4py,/home/max/Downloads/Logs/2020/2020_PermitLog.xes,line_by_line,2,2631982990
write_pm4py,/home/max/Downloads/Logs/2020/2020_PermitLog.xes,line_by_line,3,2662468224
write_pm4py,/home/max/Downloads/Logs/2020/2020_PermitLog.xes,line_by_line,4,2629901729
write_pm4py,/home/max/Downloads/Logs/2020/2020_PermitLog.xes,line_by_line,5,2631550421
write_python_jxes,/home/max/Downloads/Logs/2020/2020_PermitLog.xes,jxes,1,1557259382
write_python_jxes,/home/max/Downloads/Logs/2020/2020_PermitLog.xes,jxes,2,1532215071
write_python_jxes,/home/max/Downloads/Logs/2020/2020_PermitLog.xes,jxes,3,1560939529
write_python_jxes,/home/max/Downloads/Logs/2020/2020_PermitLog.xes,jxes,4,1579040387
write_python_jxes,/home/max/Downloads/Logs/2020/2020_PermitLog.xes,jxes,5,1581581471
read_python_jxes,/home/max/Downloads/Logs/2020/2020_PermitLog.xes.jxes.bench,jxes,1,651580048
read_python_jxes,/home/max/Downloads/Logs/2020/2020_PermitLog.xes.jxes.bench,jxes,2,645104505
read_python_jxes,/home/max/Downloads/Logs/2020/2020_PermitLog.xes.jxes.bench,jxes,3,635882981
read_python_jxes,/home/max/Downloads/Logs/2020/2020_PermitLog.xes.jxes.bench,jxes,4,648102893
read_python_jxes,/home/max/Downloads/Logs/2020/2020_PermitLog.xes.jxes.bench,jxes,5,645496575
read_pm4py,/home/max/Downloads/Logs/2020/2020_PrepaidTravelCost.xes,iterparse,1,1084495951
read_pm4py,/home/max/Downloads/Logs/2020/2020_PrepaidTravelCost.xes,iterparse,2,1036646379
read_pm4py,/home/max/Downloads/Logs/2020/2020_PrepaidTravelCost.xes,iterparse,3,1033208857
read_pm4py,/home/max/Downloads/Logs/2020/2020_PrepaidTravelCost.xes,iterparse,4,1013999681
read_pm4py,/home/max/Downloads/Logs/2020/2020_PrepaidTravelCost.xes,iterparse,5,1021993557
read_pm4py,/home/max/Downloads/Logs/2020/2020_PrepaidTravelCost.xes,line_by_line,1,270984999
read_pm4py,/home/max/Downloads/Logs/2020/2020_PrepaidTravelCost.xes,line_by_line,2,280746313
read_pm4py,/home/max/Downloads/Logs/2020/2020_PrepaidTravelCost.xes,line_by_line,3,274402721
read_pm4py,/home/max/Downloads/Logs/2020/2020_PrepaidTravelCost.xes,line_by_line,4,269677877
read_pm4py,/home/max/Downloads/Logs/2020/2020_PrepaidTravelCost.xes,line_by_line,5,275752127
read_pm4py,/home/max/Downloads/Logs/2020/2020_PrepaidTravelCost.xes,iterparse_mem_compressed,1,1111248341
read_pm4py,/home/max/Downloads/Logs/2020/2020_PrepaidTravelCost.xes,iterparse_mem_compressed,2,1104710387
read_pm4py,/home/max/Downloads/Logs/2020/2020_PrepaidTravelCost.xes,iterparse_mem_compressed,3,1122661710
read_pm4py,/home/max/Downloads/Logs/2020/2020_PrepaidTravelCost.xes,iterparse_mem_compressed,4,1112829371
read_pm4py,/home/max/Downloads/Logs/2020/2020_PrepaidTravelCost.xes,iterparse_mem_compressed,5,1102903538
read_pm4py,/home/max/Downloads/Logs/2020/2020_PrepaidTravelCost.xes,iterparse_20,1,1042288100
read_pm4py,/home/max/Downloads/Logs/2020/2020_PrepaidTravelCost.xes,iterparse_20,2,1028353051
read_pm4py,/home/max/Downloads/Logs/2020/2020_PrepaidTravelCost.xes,iterparse_20,3,1034092236
read_pm4py,/home/max/Downloads/Logs/2020/2020_PrepaidTravelCost.xes,iterparse_20,4,1037331439
read_pm4py,/home/max/Downloads/Logs/2020/2020_PrepaidTravelCost.xes,iterparse_20,5,1041719489
read_pm4py,/home/max/Downloads/Logs/2020/2020_PrepaidTravelCost.xes,chunk_regex,1,381503939
read_pm4py,/home/max/Downloads/Logs/2020/2020_PrepaidTravelCost.xes,chunk_regex,2,388954533
read_pm4py,/home/max/Downloads/Logs/2020/2020_PrepaidTravelCost.xes,chunk_regex,3,405211754
read_pm4py,/home/max/Downloads/Logs/2020/2020_PrepaidTravelCost.xes,chunk_regex,4,395694877
read_pm4py,/home/max/Downloads/Logs/2020/2020_PrepaidTravelCost.xes,chunk_regex,5,440003372
write_pm4py,/home/max/Downloads/Logs/2020/2020_PrepaidTravelCost.xes,etree_xes_exp,1,629560534
write_pm4py,/home/max/Downloads/Logs/2020/2020_PrepaidTravelCost.xes,etree_xes_exp,2,610582268
write_pm4py,/home/max/Downloads/Logs/2020/2020_PrepaidTravelCost.xes,etree_xes_exp,3,636075354
write_pm4py,/home/max/Downloads/Logs/2020/2020_PrepaidTravelCost.xes,etree_xes_exp,4,617615603
write_pm4py,/home/max/Downloads/Logs/2020/2020_PrepaidTravelCost.xes,etree_xes_exp,5,639817615
write_pm4py,/home/max/Downloads/Logs/2020/2020_PrepaidTravelCost.xes,line_by_line,1,607829637
write_pm4py,/home/max/Downloads/Logs/2020/2020_PrepaidTravelCost.xes,line_by_line,2,617458611
write_pm4py,/home/max/Downloads/Logs/2020/2020_PrepaidTravelCost.xes,line_by_line,3,594577917
write_pm4py,/home/max/Downloads/Logs/2020/2020_PrepaidTravelCost.xes,line_by_line,4,613224810
write_pm4py,/home/max/Downloads/Logs/2020/2020_PrepaidTravelCost.xes,line_by_line,5,613007567
write_python_jxes,/home/max/Downloads/Logs/2020/2020_PrepaidTravelCost.xes,jxes,1,408526685
write_python_jxes,/home/max/Downloads/Logs/2020/2020_PrepaidTravelCost.xes,jxes,2,407702753
write_python_jxes,/home/max/Downloads/Logs/2020/2020_PrepaidTravelCost.xes,jxes,3,403078749
write_python_jxes,/home/max/Downloads/Logs/2020/2020_PrepaidTravelCost.xes,jxes,4,395894569
write_python_jxes,/home/max/Downloads/Logs/2020/2020_PrepaidTravelCost.xes,jxes,5,391559162
read_python_jxes,/home/max/Downloads/Logs/2020/2020_PrepaidTravelCost.xes.jxes.bench,jxes,1,119706727
read_python_jxes,/home/max/Downloads/Logs/2020/2020_PrepaidTravelCost.xes.jxes.bench,jxes,2,116772588
read_python_jxes,/home/max/Downloads/Logs/2020/2020_PrepaidTravelCost.xes.jxes.bench,jxes,3,120288367
read_python_jxes,/home/max/Downloads/Logs/2020/2020_PrepaidTravelCost.xes.jxes.bench,jxes,4,124782847
read_python_jxes,/home/max/Downloads/Logs/2020/2020_PrepaidTravelCost.xes.jxes.bench,jxes,5,104448232
read_pm4py,/home/max/Downloads/Logs/2020/2020_RequestForPayment.xes,iterparse,1,2283329561
read_pm4py,/home/max/Downloads/Logs/2020/2020_RequestForPayment.xes,iterparse,2,2139725286
read_pm4py,/home/max/Downloads/Logs/2020/2020_RequestForPayment.xes,iterparse,3,2107204744
read_pm4py,/home/max/Downloads/Logs/2020/2020_RequestForPayment.xes,iterparse,4,2138267562
read_pm4py,/home/max/Downloads/Logs/2020/2020_RequestForPayment.xes,iterparse,5,2089202604
read_pm4py,/home/max/Downloads/Logs/2020/2020_RequestForPayment.xes,line_by_line,1,586459820
read_pm4py,/home/max/Downloads/Logs/2020/2020_RequestForPayment.xes,line_by_line,2,594916349
read_pm4py,/home/max/Downloads/Logs/2020/2020_RequestForPayment.xes,line_by_line,3,612022666
read_pm4py,/home/max/Downloads/Logs/2020/2020_RequestForPayment.xes,line_by_line,4,601548759
read_pm4py,/home/max/Downloads/Logs/2020/2020_RequestForPayment.xes,line_by_line,5,614272557
read_pm4py,/home/max/Downloads/Logs/2020/2020_RequestForPayment.xes,iterparse_mem_compressed,1,2313479677
read_pm4py,/home/max/Downloads/Logs/2020/2020_RequestForPayment.xes,iterparse_mem_compressed,2,2223131512
read_pm4py,/home/max/Downloads/Logs/2020/2020_RequestForPayment.xes,iterparse_mem_compressed,3,2216006422
read_pm4py,/home/max/Downloads/Logs/2020/2020_RequestForPayment.xes,iterparse_mem_compressed,4,2213217097
read_pm4py,/home/max/Downloads/Logs/2020/2020_RequestForPayment.xes,iterparse_mem_compressed,5,2235154613
read_pm4py,/home/max/Downloads/Logs/2020/2020_RequestForPayment.xes,iterparse_20,1,2120078268
read_pm4py,/home/max/Downloads/Logs/2020/2020_RequestForPayment.xes,iterparse_20,2,2133751202
read_pm4py,/home/max/Downloads/Logs/2020/2020_RequestForPayment.xes,iterparse_20,3,2107919285
read_pm4py,/home/max/Downloads/Logs/2020/2020_RequestForPayment.xes,iterparse_20,4,2131186853
read_pm4py,/home/max/Downloads/Logs/2020/2020_RequestForPayment.xes,iterparse_20,5,2128438231
read_pm4py,/home/max/Downloads/Logs/2020/2020_RequestForPayment.xes,chunk_regex,1,859087753
read_pm4py,/home/max/Downloads/Logs/2020/2020_RequestForPayment.xes,chunk_regex,2,857261533
read_pm4py,/home/max/Downloads/Logs/2020/2020_RequestForPayment.xes,chunk_regex,3,859250542
read_pm4py,/home/max/Downloads/Logs/2020/2020_RequestForPayment.xes,chunk_regex,4,931107598
read_pm4py,/home/max/Downloads/Logs/2020/2020_RequestForPayment.xes,chunk_regex,5,900610586
write_pm4py,/home/max/Downloads/Logs/2020/2020_RequestForPayment.xes,etree_xes_exp,1,1185013482
write_pm4py,/home/max/Downloads/Logs/2020/2020_RequestForPayment.xes,etree_xes_exp,2,1184113865
write_pm4py,/home/max/Downloads/Logs/2020/2020_RequestForPayment.xes,etree_xes_exp,3,1178409194
write_pm4py,/home/max/Downloads/Logs/2020/2020_RequestForPayment.xes,etree_xes_exp,4,1198780214
write_pm4py,/home/max/Downloads/Logs/2020/2020_RequestForPayment.xes,etree_xes_exp,5,1186353221
write_pm4py,/home/max/Downloads/Logs/2020/2020_RequestForPayment.xes,line_by_line,1,1199940150
write_pm4py,/home/max/Downloads/Logs/2020/2020_RequestForPayment.xes,line_by_line,2,1233092794
write_pm4py,/home/max/Downloads/Logs/2020/2020_RequestForPayment.xes,line_by_line,3,1207060413
write_pm4py,/home/max/Downloads/Logs/2020/2020_RequestForPayment.xes,line_by_line,4,1195944674
write_pm4py,/home/max/Downloads/Logs/2020/2020_RequestForPayment.xes,line_by_line,5,1188550934
write_python_jxes,/home/max/Downloads/Logs/2020/2020_RequestForPayment.xes,jxes,1,752381934
write_python_jxes,/home/max/Downloads/Logs/2020/2020_RequestForPayment.xes,jxes,2,752449535
write_python_jxes,/home/max/Downloads/Logs/2020/2020_RequestForPayment.xes,jxes,3,716468200
write_python_jxes,/home/max/Downloads/Logs/2020/2020_RequestForPayment.xes,jxes,4,780869084
write_python_jxes,/home/max/Downloads/Logs/2020/2020_RequestForPayment.xes,jxes,5,763834188
read_python_jxes,/home/max/Downloads/Logs/2020/2020_RequestForPayment.xes.jxes.bench,jxes,1,289077894
read_python_jxes,/home/max/Downloads/Logs/2020/2020_RequestForPayment.xes.jxes.bench,jxes,2,286056601
read_python_jxes,/home/max/Downloads/Logs/2020/2020_RequestForPayment.xes.jxes.bench,jxes,3,285584443
read_python_jxes,/home/max/Downloads/Logs/2020/2020_RequestForPayment.xes.jxes.bench,jxes,4,285091186
read_python_jxes,/home/max/Downloads/Logs/2020/2020_RequestForPayment.xes.jxes.bench,jxes,5,278919935
read_pm4py,/home/max/Downloads/Logs/Helpdesk/helpdesk.xes,iterparse,1,4534519987
read_pm4py,/home/max/Downloads/Logs/Helpdesk/helpdesk.xes,iterparse,2,4475370953
read_pm4py,/home/max/Downloads/Logs/Helpdesk/helpdesk.xes,iterparse,3,4439460053
read_pm4py,/home/max/Downloads/Logs/Helpdesk/helpdesk.xes,iterparse,4,4477600561
read_pm4py,/home/max/Downloads/Logs/Helpdesk/helpdesk.xes,iterparse,5,4535930237
read_pm4py,/home/max/Downloads/Logs/Helpdesk/helpdesk.xes,line_by_line,1,826013018
read_pm4py,/home/max/Downloads/Logs/Helpdesk/helpdesk.xes,line_by_line,2,900598690
read_pm4py,/home/max/Downloads/Logs/Helpdesk/helpdesk.xes,line_by_line,3,864918409
read_pm4py,/home/max/Downloads/Logs/Helpdesk/helpdesk.xes,line_by_line,4,842659003
read_pm4py,/home/max/Downloads/Logs/Helpdesk/helpdesk.xes,line_by_line,5,853716525
read_pm4py,/home/max/Downloads/Logs/Helpdesk/helpdesk.xes,iterparse_mem_compressed,1,4763321225
read_pm4py,/home/max/Downloads/Logs/Helpdesk/helpdesk.xes,iterparse_mem_compressed,2,4928292604
read_pm4py,/home/max/Downloads/Logs/Helpdesk/helpdesk.xes,iterparse_mem_compressed,3,4928699908
read_pm4py,/home/max/Downloads/Logs/Helpdesk/helpdesk.xes,iterparse_mem_compressed,4,4901256911
read_pm4py,/home/max/Downloads/Logs/Helpdesk/helpdesk.xes,iterparse_mem_compressed,5,4792838819
read_pm4py,/home/max/Downloads/Logs/Helpdesk/helpdesk.xes,iterparse_20,1,4495578000
read_pm4py,/home/max/Downloads/Logs/Helpdesk/helpdesk.xes,iterparse_20,2,4526117335
read_pm4py,/home/max/Downloads/Logs/Helpdesk/helpdesk.xes,iterparse_20,3,4522778597
read_pm4py,/home/max/Downloads/Logs/Helpdesk/helpdesk.xes,iterparse_20,4,4499450346
read_pm4py,/home/max/Downloads/Logs/Helpdesk/helpdesk.xes,iterparse_20,5,4489251351
read_pm4py,/home/max/Downloads/Logs/Helpdesk/helpdesk.xes,chunk_regex,1,1266953259
read_pm4py,/home/max/Downloads/Logs/Helpdesk/helpdesk.xes,chunk_regex,2,1311407990
read_pm4py,/home/max/Downloads/Logs/Helpdesk/helpdesk.xes,chunk_regex,3,1318470700
read_pm4py,/home/max/Downloads/Logs/Helpdesk/helpdesk.xes,chunk_regex,4,1316744980
read_pm4py,/home/max/Downloads/Logs/Helpdesk/helpdesk.xes,chunk_regex,5,1335883760
write_pm4py,/home/max/Downloads/Logs/Helpdesk/helpdesk.xes,etree_xes_exp,1,2061180040
write_pm4py,/home/max/Downloads/Logs/Helpdesk/helpdesk.xes,etree_xes_exp,2,2055661785
write_pm4py,/home/max/Downloads/Logs/Helpdesk/helpdesk.xes,etree_xes_exp,3,2122220144
write_pm4py,/home/max/Downloads/Logs/Helpdesk/helpdesk.xes,etree_xes_exp,4,2119655927
write_pm4py,/home/max/Downloads/Logs/Helpdesk/helpdesk.xes,etree_xes_exp,5,2071020099
write_pm4py,/home/max/Downloads/Logs/Helpdesk/helpdesk.xes,line_by_line,1,2083344432
write_pm4py,/home/max/Downloads/Logs/Helpdesk/helpdesk.xes,line_by_line,2,2110040077
write_pm4py,/home/max/Downloads/Logs/Helpdesk/helpdesk.xes,line_by_line,3,2079716536
write_pm4py,/home/max/Downloads/Logs/Helpdesk/helpdesk.xes,line_by_line,4,2048342184
write_pm4py,/home/max/Downloads/Logs/Helpdesk/helpdesk.xes,line_by_line,5,2077395701
write_python_jxes,/home/max/Downloads/Logs/Helpdesk/helpdesk.xes,jxes,1,1099452208
write_python_jxes,/home/max/Downloads/Logs/Helpdesk/helpdesk.xes,jxes,2,1066980702
write_python_jxes,/home/max/Downloads/Logs/Helpdesk/helpdesk.xes,jxes,3,1080994167
write_python_jxes,/home/max/Downloads/Logs/Helpdesk/helpdesk.xes,jxes,4,1105521123
write_python_jxes,/home/max/Downloads/Logs/Helpdesk/helpdesk.xes,jxes,5,1104551773
read_python_jxes,/home/max/Downloads/Logs/Helpdesk/helpdesk.xes.jxes.bench,jxes,1,389488474
read_python_jxes,/home/max/Downloads/Logs/Helpdesk/helpdesk.xes.jxes.bench,jxes,2,401926646
read_python_jxes,/home/max/Downloads/Logs/Helpdesk/helpdesk.xes.jxes.bench,jxes,3,391543527
read_python_jxes,/home/max/Downloads/Logs/Helpdesk/helpdesk.xes.jxes.bench,jxes,4,389824181
read_python_jxes,/home/max/Downloads/Logs/Helpdesk/helpdesk.xes.jxes.bench,jxes,5,403642436
read_pm4py,/home/max/Downloads/Logs/Road_Traffic/Road_Traffic_Fine_Management_Process.xes,iterparse,1,33181497380
read_pm4py,/home/max/Downloads/Logs/Road_Traffic/Road_Traffic_Fine_Management_Process.xes,iterparse,2,33706390081
read_pm4py,/home/max/Downloads/Logs/Road_Traffic/Road_Traffic_Fine_Management_Process.xes,iterparse,3,33494627730
read_pm4py,/home/max/Downloads/Logs/Road_Traffic/Road_Traffic_Fine_Management_Process.xes,iterparse,4,33635104256
read_pm4py,/home/max/Downloads/Logs/Road_Traffic/Road_Traffic_Fine_Management_Process.xes,iterparse,5,34085660360
read_pm4py,/home/max/Downloads/Logs/Road_Traffic/Road_Traffic_Fine_Management_Process.xes,line_by_line,1,8917909784
read_pm4py,/home/max/Downloads/Logs/Road_Traffic/Road_Traffic_Fine_Management_Process.xes,line_by_line,2,8838723152
read_pm4py,/home/max/Downloads/Logs/Road_Traffic/Road_Traffic_Fine_Management_Process.xes,line_by_line,3,8757716955
read_pm4py,/home/max/Downloads/Logs/Road_Traffic/Road_Traffic_Fine_Management_Process.xes,line_by_line,4,8785786173
read_pm4py,/home/max/Downloads/Logs/Road_Traffic/Road_Traffic_Fine_Management_Process.xes,line_by_line,5,8759401332
read_pm4py,/home/max/Downloads/Logs/Road_Traffic/Road_Traffic_Fine_Management_Process.xes,iterparse_mem_compressed,1,34270992299
read_pm4py,/home/max/Downloads/Logs/Road_Traffic/Road_Traffic_Fine_Management_Process.xes,iterparse_mem_compressed,2,33963117776
read_pm4py,/home/max/Downloads/Logs/Road_Traffic/Road_Traffic_Fine_Management_Process.xes,iterparse_mem_compressed,3,34130859716
read_pm4py,/home/max/Downloads/Logs/Road_Traffic/Road_Traffic_Fine_Management_Process.xes,iterparse_mem_compressed,4,34674350248
read_pm4py,/home/max/Downloads/Logs/Road_Traffic/Road_Traffic_Fine_Management_Process.xes,iterparse_mem_compressed,5,34183533174
read_pm4py,/home/max/Downloads/Logs/Road_Traffic/Road_Traffic_Fine_Management_Process.xes,iterparse_20,1,34512685584
read_pm4py,/home/max/Downloads/Logs/Road_Traffic/Road_Traffic_Fine_Management_Process.xes,iterparse_20,2,33841026501
read_pm4py,/home/max/Downloads/Logs/Road_Traffic/Road_Traffic_Fine_Management_Process.xes,iterparse_20,3,34887535435
read_pm4py,/home/max/Downloads/Logs/Road_Traffic/Road_Traffic_Fine_Management_Process.xes,iterparse_20,4,33915874792
read_pm4py,/home/max/Downloads/Logs/Road_Traffic/Road_Traffic_Fine_Management_Process.xes,iterparse_20,5,34545299747
read_pm4py,/home/max/Downloads/Logs/Road_Traffic/Road_Traffic_Fine_Management_Process.xes,chunk_regex,1,13041223879
read_pm4py,/home/max/Downloads/Logs/Road_Traffic/Road_Traffic_Fine_Management_Process.xes,chunk_regex,2,13283608624
read_pm4py,/home/max/Downloads/Logs/Road_Traffic/Road_Traffic_Fine_Management_Process.xes,chunk_regex,3,13811567071
read_pm4py,/home/max/Downloads/Logs/Road_Traffic/Road_Traffic_Fine_Management_Process.xes,chunk_regex,4,13047366264
read_pm4py,/home/max/Downloads/Logs/Road_Traffic/Road_Traffic_Fine_Management_Process.xes,chunk_regex,5,12984196927
write_pm4py,/home/max/Downloads/Logs/Road_Traffic/Road_Traffic_Fine_Management_Process.xes,etree_xes_exp,1,16564354762
write_pm4py,/home/max/Downloads/Logs/Road_Traffic/Road_Traffic_Fine_Management_Process.xes,etree_xes_exp,2,16684755846
write_pm4py,/home/max/Downloads/Logs/Road_Traffic/Road_Traffic_Fine_Management_Process.xes,etree_xes_exp,3,16781177935
write_pm4py,/home/max/Downloads/Logs/Road_Traffic/Road_Traffic_Fine_Management_Process.xes,etree_xes_exp,4,17125755205
write_pm4py,/home/max/Downloads/Logs/Road_Traffic/Road_Traffic_Fine_Management_Process.xes,etree_xes_exp,5,16667526062
write_pm4py,/home/max/Downloads/Logs/Road_Traffic/Road_Traffic_Fine_Management_Process.xes,line_by_line,1,17403883330
write_pm4py,/home/max/Downloads/Logs/Road_Traffic/Road_Traffic_Fine_Management_Process.xes,line_by_line,2,17712075853
write_pm4py,/home/max/Downloads/Logs/Road_Traffic/Road_Traffic_Fine_Management_Process.xes,line_by_line,3,16485598873
write_pm4py,/home/max/Downloads/Logs/Road_Traffic/Road_Traffic_Fine_Management_Process.xes,line_by_line,4,16335861205
write_pm4py,/home/max/Downloads/Logs/Road_Traffic/Road_Traffic_Fine_Management_Process.xes,line_by_line,5,16628733091
write_python_jxes,/home/max/Downloads/Logs/Road_Traffic/Road_Traffic_Fine_Management_Process.xes,jxes,1,12346301733
write_python_jxes,/home/max/Downloads/Logs/Road_Traffic/Road_Traffic_Fine_Management_Process.xes,jxes,2,11918176713
write_python_jxes,/home/max/Downloads/Logs/Road_Traffic/Road_Traffic_Fine_Management_Process.xes,jxes,3,11839989639
write_python_jxes,/home/max/Downloads/Logs/Road_Traffic/Road_Traffic_Fine_Management_Process.xes,jxes,4,11869447114
write_python_jxes,/home/max/Downloads/Logs/Road_Traffic/Road_Traffic_Fine_Management_Process.xes,jxes,5,12155756819
read_python_jxes,/home/max/Downloads/Logs/Road_Traffic/Road_Traffic_Fine_Management_Process.xes.jxes.bench,jxes,1,6001892424
read_python_jxes,/home/max/Downloads/Logs/Road_Traffic/Road_Traffic_Fine_Management_Process.xes.jxes.bench,jxes,2,6413339369
read_python_jxes,/home/max/Downloads/Logs/Road_Traffic/Road_Traffic_Fine_Management_Process.xes.jxes.bench,jxes,3,5946829497
read_python_jxes,/home/max/Downloads/Logs/Road_Traffic/Road_Traffic_Fine_Management_Process.xes.jxes.bench,jxes,4,5690697814
read_python_jxes,/home/max/Downloads/Logs/Road_Traffic/Road_Traffic_Fine_Management_Process.xes.jxes.bench,jxes,5,5022921746
